GDP,Employment,Income,Investment,Trade,Pollution,Temperature,Deforestation,Water_Quality,Education,Healthcare,Social_Media,Urbanization,Economic_Index,Economic_Balance,Environmental_Index,Social_Index,Noise_1,Noise_2,Noise_3,Noise_4,Noise_5,target
0.7238107380048382,0.7781992948040319,0.9165207839870333,0.5342815038056048,0.18264085820665082,0.2846287839063472,1.1182636346494863,0.08771605035853064,1.0795266042629805,-1.8470358024624058,-2.251221105909023,-1.5300855780814906,-2.262160304051454,1.5390451401748528,0.8321658163244225,1.2381053211614337,-4.375965419137671,-0.863493604964934,0.24365722370271442,0.48730523704499484,-0.21596052035023222,0.5070202721353568,-0.07886261496311661
-0.4149138984244723,-0.29307771963639684,0.139125803702646,-0.26708596350876057,0.0227315245870012,1.1107350940275085,0.536520200842386,0.5029770580820273,0.4844230096773149,-0.5374877177049836,-0.38247601686562516,0.3431867594394009,-0.9005097767265986,-0.6229026452240347,0.23034635055537417,1.5034334045800575,-1.2400179554713509,-0.031203488939083975,-1.0902084067994298,1.0719298652117972,0.9374774925069249,-0.05739536507403601,-0.13222948703700013
0.9085703141323905,0.6765247711829875,0.6655776490767448,0.6843777890103776,1.0033997844995914,0.8246655715254629,0.7996885364110919,0.7660832747752925,1.3709544200345498,-0.1860943298873597,-0.21713313637078707,0.1276737083169508,-0.1395182369793923,1.629553056475549,-0.2987257891121885,2.0343165270937402,-0.6466840047022426,0.018016872044446585,-0.9855396007209299,-0.8792827824119881,1.6350663945275195,-1.395448504755072,0.4577877563845737
1.9297212140495106,1.3843472697965127,1.328948823096353,1.6860192651189416,1.7387158496075454,0.7341252493748015,0.4483162949897721,0.9306174401792868,0.5364928688864374,-0.04809869484937659,-0.36940273691688436,-0.3044385151299615,0.7076712738338087,3.569841646508702,-0.42953606675905354,1.1825781081560702,-0.3856089304054351,0.47263034584340563,-0.9697437196346744,0.3485951198609804,1.311693449272661,-0.7079109406740753,1.5080890461220604
-0.11012290375622572,-0.36450224295303063,-0.024686380639259015,-0.21949535362562467,0.06466093101840892,-1.570766776829904,-2.098925238459469,-2.1351152347386053,-1.7602439186842946,0.1356427601252443,-0.668586357878872,-0.4834779579604192,-0.25527187789242833,-0.6650884228570157,-0.0021522337576587447,-3.513266014983081,-0.7115011008520045,-1.3668583632808264,0.11053531747394013,-0.12517442838316423,-1.092141593428733,-0.262746747686504,-0.7679129631821303
0.32890178681823923,-0.3268885939897723,-0.11609134132265567,-0.22195944958801583,-0.4611754835200188,-1.3191564832186078,-1.5714794171173188,-0.8525075569659474,-0.7488625287629718,1.0920113004741205,0.5582660571679514,0.0011637156342406696,0.1554313831625368,-0.13338583486323938,-0.16136507484657392,-3.048815776669437,1.7530002504882911,0.5925672738473307,-0.626315276183007,0.8468821038849139,-0.253676077542381,-1.5958939685741134,-0.8282230458407767
1.3470760557763195,1.6458529469975054,1.8477707815157112,1.3686153091653648,1.1526696154848384,0.564103393606578,0.6218859276132531,0.5155174573535495,1.1086816786230458,-1.5224738623072536,-1.279281061970969,-1.0958303416364608,-0.8975077280864214,2.83839711371966,0.831515064043399,1.0300187319755034,-2.7948121745277104,-2.704391631602775,0.49406391897551966,-0.11522423255219759,-0.34516470544979644,-0.7390286580232329,1.3572252709599033
0.3940383181594837,0.6238101426538656,0.9579862696574997,0.5685644538876243,1.2178348247395547,1.1636573343000332,0.7172759602041824,0.1869504984849325,0.6560312904264728,0.14802686123641756,-0.9143276050059677,-0.43394910497155903,-0.6839358811497214,1.1838868231858715,-0.23461297434966163,2.097330256354204,-1.160001586457161,-0.6298845523638104,-2.854626662904391,-0.3849428884100812,0.4892545350763276,0.6523303381766798,0.897715886682054
-1.0030904606062356,-0.09274754826289588,-0.15460857133915157,-0.8902559674748601,-0.5662783375875928,0.6442793955524595,-0.11742859450680554,0.77874595367901,0.38982447409678617,0.40428442578395607,0.43426880062239515,0.44068222815795544,0.4992375005723745,-0.9157582911901188,0.36717478689278815,0.2569355587353475,0.9695483432506892,-0.48827384245154465,-0.8568518651277993,0.54090851856099,0.6863535550145331,1.4273053642892164,-0.2552895340791842
0.9913733370327196,0.2741778529201135,0.38198948011779427,1.0674330665420464,0.4673101386494505,3.751790089804206,4.210746816285168,4.227759545705345,3.8524480528240628,0.11254668299533266,0.9606450985063018,0.3220997379503118,0.3495452059224915,1.3557962538165347,0.32405178061225537,7.87949415250832,1.2353515106199766,0.6333268260712385,-1.1260539609110503,0.8761691671912328,-0.8388926740257363,-0.4194347526585506,2.418030534853806
-0.2671079959062449,-0.51947918606087,-0.06819947312216457,-0.8365766634298477,-0.06495945025774491,0.4541660031269493,0.3776660900197912,-0.07213343505442271,0.07072741710527997,0.998187053403091,0.9396475750577168,0.6707468075605535,0.67884221203018,-0.5498884485891293,-0.1382268266225301,0.8386375753611869,1.7390620934938372,0.02263085267686914,-0.2563406783724922,-0.6683451948468017,0.06783851391693768,0.7564883543160984,0.6540338760968367
-0.4824051548433934,-0.5976490710525093,-0.406449872162537,-0.673601312909029,-0.2988607507500589,0.510289316701936,1.1942828449748186,0.8304757287541131,1.3773717707227457,-0.5863659203934758,-1.522832076486555,-1.3470873363294105,-0.6606132651981027,-1.315662399371179,-0.18820431922548422,1.7268466820447652,-2.0251596883010325,-1.4055630538562867,-0.5380477584901385,-0.0610756713523761,-2.0199273321561364,-1.9140600705874673,0.12444370909151867
0.3259528594619802,0.676055636872154,0.8645405333536137,0.02644009189527488,0.3787286031905164,1.307245674352066,1.598890014795372,0.6463448235782829,1.306934988422566,-1.9270048529211672,-1.6046362076172536,-0.9255161975869564,-1.9846214197401097,1.3354533186443618,0.8841225906040442,2.8703170321442064,-3.702940708020261,-0.9849931258170151,0.7978437798957666,-1.0584406336416528,1.44194500580189,0.6594512411136115,0.1887753170915827
-2.2509269588473106,-1.8543138117043254,-2.120036590084668,-1.6448029315744654,-1.2637795411874726,0.6202563725006772,1.0101269776520108,0.2754300108622521,0.47055511817256584,0.9565508345435167,1.2753943615681986,1.16524185375724,0.7886854571089621,-3.800593046209184,-1.0226693098671669,1.7095473063718725,2.2514792714613825,0.1986800095474069,-1.8593367716600575,-2.4980610174929394,-0.5123742406766936,-0.803948414727481,-0.7016024941263019
-0.9911922386279849,-1.4153644706724422,-1.204128691563458,-1.813402736000641,-1.9179733016270757,-0.3874612100765959,-0.42268150380267855,0.016520692132353798,-0.5032861037441463,0.6884955253748175,0.5418920483262603,0.9737089771973122,0.12805424775848995,-2.2594323098512774,0.60382155347631,-0.6715715627157122,0.9774878923100845,-0.07906734186455629,0.045491476330752,0.200459631413729,0.05586393984449697,0.30734561670797006,-1.2424001803499203
-0.5235211746484044,-1.0079556411520643,-0.5029142942021784,-0.18796490743885258,-0.2839354908166016,2.036212247631212,0.4024923303271524,0.681438764984146,0.8653205123540868,-0.6534631777675768,-0.5145673655052253,-0.46353341981516033,-0.3850539386997928,-1.1751170340462567,-0.2483838880717468,2.58563208705023,-1.5266518337797175,-0.5791241096357465,0.5583364232117055,0.6089053562546319,-0.30964971398806124,-0.24775241823970925,-0.3921916885717043
-0.980012681952956,-0.9327160405736461,-1.2082565214187584,-1.2148783076075844,-0.9957271828652985,-0.6533240511912973,-1.6335513750692938,-0.8786311510618161,-0.94751310895381,1.744168671856356,1.2941911459500495,1.7198753300899081,1.019380849105628,-2.244053364062157,-0.04438244212755005,-2.4840361879941564,2.9617963798838116,-0.48083378951197936,1.8566474365619547,0.2620668090867255,1.146027575013415,1.3204140097838342,-1.26147365056183
0.5319773197648815,0.581136571282305,0.1690815823789774,0.39794558126241447,0.3948250162542509,-0.5375350267780826,-0.5244799344369769,-1.0383635525027102,-0.26327165259033786,0.23488086003303255,0.14437307903760482,0.24473123585399054,-0.8755798250458404,1.0082242637946561,-0.18418293240461084,-1.118845980800819,0.35450814981567014,0.696167997159289,-0.4817659710934752,-1.9495617177543672,-2.837506441397379,-0.8744356483399182,0.7489195928949641
-0.7637213060001969,-0.8833388787385836,-1.004128267979507,-1.158628191499138,-0.4494835475974514,-0.6559065863113208,-0.5698156433601812,-0.23119633574541287,0.3545251678375027,1.316040756388677,1.3393453256791608,1.3171262384395144,1.0213915836206768,-1.7941208768751709,-0.8131697898125081,-0.9867696572961144,2.5758501433449172,-0.5176925728692147,0.32445860435251705,-0.35084943007647457,-0.016610342325908987,0.6276062975618311,-0.477911971800431
-1.345138494051552,-1.0926595888156863,-1.2850539174147166,-0.7687589630032751,-1.2599529744484044,0.5412524230650245,-0.3129976714741511,-0.4138292185550665,-0.01693614091207611,-0.39674676349877,0.5770562941614772,-0.6071669213608545,0.26062776137893107,-2.2935022181157696,-0.13153465559175018,0.4071841891056479,-0.05649658098180474,-0.08809124402907328,-1.803862792562365,-2.2183477600510813,-0.10581875749769788,-0.2795074632965335,-0.807975797281749
1.2285064322879604,1.3104622338914425,1.6224994153322039,1.1093692432127003,1.627137592636444,2.3599667308886145,2.2621557798365868,2.33863161878004,2.1713225058650196,2.427309122199494,2.3073252138206404,1.9631387369292224,2.4808395372905774,2.3289405182589737,-0.12610906394668236,4.347550620428989,4.654654523593907,2.169936588080543,-2.391956204313024,1.3697011076541847,-0.4536363875916828,-0.15830547800966377,2.7841354740833655
-0.08433579334573696,0.1970279315691383,-0.39788630166810934,-0.1328300874184274,0.09597590070640497,-2.442576383918695,-1.8365244394082407,-1.7563144174084715,-2.1262819148458116,2.1646973397929252,2.031510683024636,2.051146132357717,1.5932343657133148,0.2641911680908985,-0.5093064114191234,-4.208804843256495,4.250066973333708,-1.423682636883923,0.8447743757816999,-1.086054582118086,1.7262265456356325,-0.18385389315920966,-0.785608794120864
0.6321355536304339,0.757197641773699,0.060221827009628984,0.25766126896755337,-0.04195761417494176,1.0539517642045948,0.596317797651282,1.230523628709974,0.9839369789744882,-0.3292509089028832,-0.21962482870379718,-0.26607816269501045,-0.3929634609696743,1.6634404242034757,0.18734817291053657,1.2546245119809147,-0.5578543436311878,-1.8518427315746586,-0.005560293648070566,1.2554036094598964,-0.8873294588557712,-0.8456731044941129,0.25993324964045017
-1.0211221723669635,-1.5335997543453546,-0.7820670786298977,-1.3006084569780074,-1.6765110864151587,-1.8799735054052493,-1.8727169035190356,-2.1362440308372967,-1.6852055404768929,0.9563540185195035,1.4652316517755817,0.4797545045731042,1.375436207943867,-2.4156813466955183,0.9780851589628554,-3.743303428512211,2.458085876414928,0.7835896647986067,1.1785126897984228,0.9458696436841456,0.7717961772356612,-0.014098965906671578,-1.9920288093162324
-0.06642673653336356,-0.6780334809454142,-0.0261197734949693,-0.5999690221884951,-0.8578254827314927,0.2773872446975848,-0.4044699970027424,-1.6797367281177635,-0.7316810811180039,0.10948832369064487,0.7887929281709716,0.6270343918830332,-0.009033645308249572,-0.6877100127464776,0.476503358426843,0.2524706510440378,0.7642582117707699,-0.6786430612941032,-1.3734028889697492,-0.9005903525360617,0.35625278870608357,-0.0626482221218215,0.2597048942291911
-0.042442113219489444,0.5469379328451763,0.2418196906120757,0.07197637978983823,-0.4789843871029344,1.5209698232532256,1.2657268567951296,1.162490414868844,1.617472209876571,1.5486207221385908,1.067250788971599,1.9650684882217706,1.2326492862182954,0.30692115144553705,0.9335922752271814,2.5971181365945584,2.850215094053422,-0.31823752774262026,0.5199021395287525,-1.132784951267745,1.261519252535516,0.2412402484067293,0.662356979013575
-1.447875023499877,-0.6771219337030892,-1.1395925339718427,-1.13785013582857,-0.5341314384402062,-0.11464873916803772,-0.3718796118816757,0.7844844916998043,0.6321212209009177,-0.764703355980154,-0.47374397103628774,-0.5285113601429527,-0.8982750991063343,-2.294367150428039,-0.5549473263323118,-0.6533929601480298,-1.473681994327398,-0.7811563781311142,1.8688178405438531,0.35037021638633825,-0.6671890847775054,0.08450514569286258,-1.3726224179760655
0.33796194231577753,0.2188400101996915,0.4117074163611503,0.3315974178571254,0.04473550862916703,-0.5653382332352609,-0.5133718260307981,-0.5821662367535312,-1.3179142042247882,0.6642846040486805,0.930317605387099,0.6643500567203282,0.8432780124482013,0.8067257335748024,0.6438783172507645,-0.9259041029514871,1.6921142688531232,-0.2598001407675125,0.4197056083572659,-0.844324037183071,-0.732968899123759,0.7979945496122363,-0.20214609943907105
-0.5839212162321966,-0.7266947350475621,-0.41658329809968,-0.3114749548803321,-0.6670147769945366,-0.6881615050490069,-0.7547389621736729,-0.6314399431501179,-1.4619196898042146,1.4519481628042636,0.903359079454619,1.391431733819918,0.8799921442327789,-1.1547461504986924,0.339271144352991,-1.751460770264609,2.591685460850875,1.5985381120963413,0.27658150559104877,0.10248464215820753,1.0960699074773985,0.9235086160473687,-0.07414887406255793
0.03656370574800777,-0.37622913245142897,-0.5985315193527985,0.3714631506841286,-0.37473773975995295,1.0207072189835635,0.6871375981126149,0.4829432746818569,1.0826032248694446,-1.8756665172660933,-1.9265620250128495,-1.8870169435519324,-1.74668513232607,-0.34746933057893004,-0.003529188045693077,1.5812938111191706,-3.706046923729164,0.8021284586181193,0.008556080824349832,-0.48282759080691834,0.4253213083301104,-1.0506233218278012,-0.38765589653609384
-1.1094460011438427,-1.00504176553968,-0.6789195734564004,-0.768954147731747,-0.5094846028866667,-0.5364735047993467,-0.4470808624145138,-0.4075175930622125,-1.0042185620211384,-0.985646438603015,-1.0794570718665084,-1.7796135680551268,-2.054173086360321,-2.1980696758367007,-0.07612590827970828,-0.86426613969751,-2.1056083558824894,0.8622235118869771,-1.5708814571259122,-1.7811584144656334,-1.5449373466767586,0.868772500590771,-1.512196237028017
2.311143280347122,1.5766826005636783,1.351702962345661,1.4413372906352144,2.0969993482707268,-0.12208407241437455,0.3097450420873755,-0.1729598902998126,0.5327088292470823,-2.396114696302341,-1.877117499416446,-2.3627952736054447,-2.2696191220769473,3.482664306288525,-0.4760512346845162,0.06080380013512035,-4.378891605051383,-1.4162270557926455,1.355572935710348,-2.230468019124459,-0.5393050144632704,-1.1863364271098544,1.1693558788464156
-0.06089959431163075,-0.31473945476355425,0.10626971204364985,-0.03998183924331036,0.2446448217699897,-0.211848093023171,0.4268264934691119,0.2361149476463015,-0.7424696871809205,-0.2776500872505411,-0.20035454147363552,0.27760423453331146,-0.1106787850504942,-0.5898095328120727,-0.03392498252278413,0.16778440300374656,-0.2707870985149254,-1.1511537365528692,-0.6108576398050658,0.22668424849459717,0.386382653848061,0.587855888137735,0.15181600033763024
-1.1857752499401264,-1.2880501984871389,-0.863552147045078,-0.28379812765960477,-1.2326341605265818,-0.23961602057335257,-0.5367506815250874,-0.4494122839391663,-0.2945614122860934,0.6565182655299697,0.826500291500972,0.6216446771557058,0.3737393438068245,-2.0915416309993207,0.34949896419292303,-0.627529560035433,1.1984235719786072,-2.839078659485427,0.5044832563830169,-0.5615577463306254,0.8377642215465891,0.6197387847028687,-0.6894046601683144
0.5189135995251388,0.8121394458871547,0.6775889734133769,0.5814425417122698,0.7724083979672656,2.0100339564827094,1.8989691394691506,2.5680280523248777,1.6594753176130133,1.5812148248103577,2.097342133197761,1.4171726593147718,1.523001529652387,1.0749619312118002,0.3596675195354877,3.9933123126591723,3.48453210593219,-0.809380821082754,-1.5630343065712535,-0.5530898169141323,-0.6792306531929551,-1.911316891662504,2.3131808711149553
-1.717300651530753,-1.150579230210066,-0.7486476209840124,-0.729108608337802,-1.1360696648245323,0.4724596370212125,0.7785204324004519,1.7377830378824424,0.926224669944621,-0.05523964467190032,0.4491348837019852,-0.03084858827643301,0.2305001557007195,-2.8299839174966026,0.5652294682964983,1.3043437486807448,0.31438368593174054,0.9567031863856584,-1.1794596645077804,0.6958638390937854,-2.914255989816941,0.09297924652940966,0.2029059604799579
0.4558147701933297,0.6740137428489784,-0.15886610389594694,0.7121738392276875,0.13425625714969128,-2.4071916183973485,-2.482633069585872,-1.8681761997861004,-2.0194333595230334,1.5826001370862082,1.6953380025140503,2.2950633519218444,1.5087233252710741,1.3313173076813478,-0.17837347684475557,-4.957649143837228,3.525468891102658,0.5169465157483709,1.4350873992222355,1.1734422766324448,0.5232231857370332,-0.4684961133603157,0.2777463553567464
-1.9376747337232545,-2.259176336101413,-2.398982587942722,-2.125746596392174,-1.4774664510737778,0.35589394100681204,0.2298781970800369,-0.01713113551357187,-0.19512145298923034,-1.0909849482103642,-1.0506427549462722,-0.8110158378381693,-1.3204391383660916,-4.447835603425126,-1.1767770201766112,0.65978436114064,-2.0656741759484576,-0.2215132629521239,-0.34730228895784293,-0.2725447213618092,-1.2203206899439758,-0.758765257935375,-1.898586969696585
-1.7151743188207467,-1.0328893293554553,-1.260850503330439,-1.157491125142848,-1.180893563406955,0.16322350292887,-0.6750784610261723,-0.6720161896451857,-0.8246009899391002,-1.8562499223885307,-2.0647658055897935,-0.9268093576483079,-2.040338837204769,-2.7111215532199853,-0.3376184634161914,-0.5366014941172537,-4.114624879680374,-0.02230028371805305,1.4532754760425446,-0.3405987069098615,-2.0173387981224113,1.3508523306990055,-1.284472700576296
-0.1916623957499613,0.13266458260147085,0.5109907266527698,0.6853802228076848,0.4173245716840688,0.4254201690945148,0.7691865918872081,0.14480297284057664,1.1269607175789043,-0.6178496841551565,0.08372676858476433,-0.11121352253663672,-0.1278616467902351,0.12858529435364058,0.1522092513970717,1.2861678829668797,-0.5961844566473729,-0.6888855425754056,-0.07823065905851781,0.5001430331138838,-2.832325924984141,-0.6536791406374189,0.662305679765183
0.637731170208372,0.7236274670996805,1.243644887432771,0.6247282576991643,0.9373309605956343,-0.7828329557635975,-0.843935743008273,-1.0704059908683239,-0.750162957186607,0.9964198154112045,1.0173226713458958,0.48753402000079055,0.5976411082955352,1.3638585016895026,0.3354181663907849,-1.726155103795466,1.8908778579378411,0.20475888240178416,-1.8418977729578574,-1.3569355696995753,0.8139808601977412,-0.8063769291180498,0.385614616303554
0.6720747387767884,0.3738141288399516,0.033703002329288495,0.11029417315926196,0.523410438435568,0.45015178069927275,-0.8674760596659546,-0.27844941671214063,0.1190287507220947,0.4508141794475771,-0.10901081148142394,-0.5635196403913699,0.022245788244858858,1.6195694787500936,-0.6125319491079428,-0.4538380738425901,0.19984556951944615,0.7658782794806148,0.8920675997317206,0.223153054747697,0.12861745040496653,0.07569494000509344,-0.4549000978216966
-0.19352568779732196,-0.4524648888569301,0.20795596764114815,-0.2901525565728336,-0.061341814777128446,0.4731307224821711,0.28549731588407257,0.2953519198066201,1.2955635127866514,-2.519734043326843,-2.364113975056556,-1.5505150508984806,-2.272728044387254,-0.9797104284298912,0.2974943223406886,0.5606364798558408,-4.688070106672043,-1.6158867874104728,-0.5898923177556078,0.551885971822154,-0.22565638071225164,0.6855897462984164,-0.4998085178099615
-0.7520465815247206,-0.1863807717340736,-0.31265623643950097,-0.6055307147971488,-0.6901532799760428,1.046703912670015,0.9028931546265674,0.9266971429836103,0.24005854948570093,0.1522776923230296,-0.31735115052035967,-0.4978428824565656,-0.010644298011010855,-0.7266816472820185,0.6952224291452611,1.9425955452953352,-0.43942208405003125,0.29964768783734813,0.6986888135170435,0.6802302084176292,1.3890243629627617,-0.1416485860101269,-0.048478078782247414
-1.5522449095932107,-1.4285863279035105,-1.5303101803496733,-1.6733052538872295,-1.358615604841635,-1.6252538183145282,-1.136353850256816,-1.5292643800086565,-0.5534113770683267,-1.4805106701978232,-1.685841063574689,-1.228598053187933,-1.054356073782037,-3.015391584976014,-0.0326140805979786,-2.9238078412971134,-2.8445955626256376,0.9324348709546673,0.025210867540082116,-1.936752702502465,0.6373246830230725,1.1663705456692521,-1.7780368024685504
-0.8016612793190098,-0.5721088291922639,-0.45474622714870694,-1.0870262884233857,-0.9152512765322574,-0.16317839695788894,-0.7455712922113317,0.11391103108884021,-0.2927588608316632,0.7618930741959093,0.3950058809853423,0.28561666415854303,-0.04780689867207877,-1.2193860775439387,0.23230334743300274,-1.1315589792016194,1.3225448932181763,-0.4151002889633696,-1.5431182279428703,-0.7613552698089406,1.6163000427219165,0.5309756619640905,-0.14891564902691712
-1.269704763842259,-0.3738881777874421,-0.2649419074357616,-0.45041373048201966,-0.6192237754847145,-0.5498030171627757,0.03133782518492412,-0.47486248519367735,-0.8344589304902075,0.4695766912515711,0.23692041159033814,0.16049485673830466,0.7722741688314124,-1.5553315112898518,0.33198010262036415,-0.4667329624067739,0.9246694369626489,0.7007006121205837,0.16429476537056906,-0.8782632528234666,-1.3927354721669964,-2.1782113197314303,-1.0722862267281683
1.040833766263572,1.793712268192184,0.584204579123641,0.8261302569013231,1.2330314318454436,-0.2590372343017667,-0.9997991718595123,-0.6570493610291577,-1.1854546828693078,-1.0219225164380679,-1.4318282430398799,-1.2329216371947505,-1.0575689448657304,2.6879147950337567,-0.8098201488923148,-1.216288450989747,-2.546338661882999,2.814654444472553,2.196223142152799,0.09988695440921298,-0.034550623953963515,-0.5294669635070083,0.12474654696689734
0.27433793050585803,0.15229629429306663,0.7865803944862302,0.41375406310568574,0.7151032109985521,2.2404086609069975,2.1532371204917915,1.6342963536759298,1.6898060839702835,-0.7881849002919323,-0.5084005004543325,-0.7266232585732297,-0.3649454407026129,0.4724335032907927,-0.006062799794034179,4.550220528388503,-1.3265735445620868,-0.10434279298689192,0.4929864585144592,0.48074457976798396,-1.6167133749480143,-0.561842099351699,1.305658299075739
-1.5541782459187083,-1.9223392418632792,-1.3490127491184984,-2.229808849223822,-1.7566586823419155,1.4408071677684011,0.5758594557096295,0.46705798450454716,0.7736417557307393,-1.3009028901996422,-0.743416511063625,-1.247906467991094,-0.6401770986131219,-3.848097778061645,0.3249228000974885,1.930441509563011,-2.3309497641682095,0.3933070500053236,-0.05751775300546313,1.4967104074459814,-0.22938233185546722,0.4793609534294223,-1.4054049985341548
0.8787707978783985,0.1371418114673657,0.13641515894193618,0.4233480390591321,0.4167338731744841,-1.029030685049615,-1.5193748782725665,-0.9308446484679913,-1.3119036024860589,-0.38334626769160673,-0.380393760324594,-0.25457317549694886,-0.5427648913038349,1.1365621094600429,-0.375847830753349,-2.4667949939548306,-0.8686725094295614,-0.7380570836613916,1.0753434019568977,-0.4949654803680731,-0.24861585376667736,-2.624817056374112,-0.20366783427240834
-0.04711277155198934,-0.551725416164393,-0.26634122038509384,-0.13502359193363916,0.12558220297425482,1.0481804736876428,1.627986304098581,0.5710098607704159,1.522323919153715,0.6640045476205827,1.4868916937758572,1.2468091896243458,0.706837969651597,-0.5392064945182772,-0.6429504977540277,2.786326292240956,2.24962721092507,0.1812511626020504,0.2106684652031108,-0.49757249830921385,0.6266136372630708,2.549009708717722,0.5812657136744632
-0.7575886074724079,-0.868138138497914,-0.5287129444211371,-1.2750426930773955,-0.6046960464593882,2.1999099176435677,1.6447014643100413,1.8589096013825306,1.5416859209920095,-1.009238447852818,-0.8069488153508856,-1.3724280239074258,-1.0867180898920403,-1.4979947122417012,0.05045216573461307,3.933566143519928,-1.5569746508474243,0.46027162498230384,0.20953423026279433,1.149672018878747,0.04556388114189831,0.53102609489421,0.3940129539772703
0.2797185162183668,0.9683812481731334,0.68987841858804,0.7238932597951395,1.3921812230949864,0.8911987434268716,1.4001269299951475,0.910974849040481,1.027629681412725,0.25353051932908127,0.8647497204862644,0.5812360149726978,0.22973278312429452,1.4597234294089303,-0.8144243318764084,2.126194936861591,0.8968488764548554,0.19484234027013805,-1.0916251721591026,0.2965769385303051,0.6234071382799156,0.1488768039176911,1.014225493699045
1.803007463470909,1.4571507968929074,0.865907976342325,1.3993002202379385,1.2006524161854142,-1.383976428569337,-1.119137038736822,-2.0577183353432993,-2.020327343719261,-0.29153939537302387,-0.7604997122206887,-0.10397191506549536,0.07697018317044213,3.333682228405759,-0.9206341778435428,-2.473240770851921,-1.1251402949907656,-1.0196953197088567,0.23384802578959837,1.2676515111879738,0.7034401331388942,1.1815677164191463,-0.5620368439822863
0.949045649320545,0.7600562309913557,0.7297931087347831,0.5683878135088369,0.4030512913694533,-0.6023946369218631,-0.7524821564969093,-0.8119372167548504,-0.33878131981626425,-0.2723366778947697,-0.4937890027890287,-0.9724915598420327,-1.0927430651017216,1.738719764271556,0.7373362222656624,-1.2820487342078402,-0.7963855247303029,0.2063617713254507,1.0354434164169448,0.2887280030098363,2.154928677383142,2.343654052812625,-0.16454184695799814
-0.8350387356487546,-1.0889241951539073,-0.8468837445200721,-0.33744580717132755,-0.6132150368912788,1.3342955396944685,1.8238972692123543,1.0764227997687592,1.6216661052255428,-0.31004899443407286,-0.48920722509291736,-0.35830197171621847,-0.30147173277496114,-2.1001765981349205,-0.01591477678545891,3.1596285022884114,-1.0784140599654872,1.4621959387176369,-0.8360621521000247,-1.1571166187132709,-0.3152966552861244,0.8707466445884032,0.22669995468769227
-0.3164499019842156,-0.16778770893529335,0.0426063299265948,-0.18350667304140103,-0.19486486038638126,-0.18063045137559686,-0.8076880714583619,-0.3579137933336897,-0.875974183091202,-0.9514507472319921,-0.723655697126596,-1.1159259412324618,-0.9637061613583322,-0.6266817636493192,0.16221104532797684,-1.4056140545081757,-1.5568365960069082,0.4486357645145273,1.4244958212469476,-1.3331283547778066,-0.941022700666379,0.94881309647162,-0.8750186159753879
0.3906888596339204,0.1655965181192726,0.4943434777818937,0.1197598746760413,0.7181892576283877,0.04120240203437198,0.5592968798581712,0.5488439597469984,-0.5978661145046253,-0.3787595167411552,-0.4935055364194461,-0.1407454824209335,-0.9744016394738131,0.7936323017886592,-0.22008196989837434,0.6325972066872392,-1.017063119509123,0.961987189071841,-0.09170602414512598,-1.551512249058929,0.24608361531640882,0.13069002446438233,0.24614565106928687
0.9322370035451765,1.1654246724490125,0.8643608274965274,0.9588144038250473,1.1774995325033466,1.2305854778809548,0.8787627889378251,0.8520700179763545,0.8542133121479346,-1.0326770977671025,-1.0042399655941743,-1.1299402217551733,-1.3363661417035408,2.384928757135385,-0.5474695744703315,2.551854474698229,-2.075995133596682,-0.23701197001262772,-0.8877695115385407,0.6620518347584732,-0.8022800271395435,-0.14152575336694828,0.5836682352269595
-0.6512728399093608,-0.4182973315899,-0.24766462465078654,-0.31167616408877324,-0.5207110330404221,-0.40008444464213677,-0.980653968166302,-0.5865712867108941,-0.7522350508846791,1.9913094766870199,1.5532670209476913,1.77880012980373,2.0758337743539506,-1.1171922587616716,0.6121909839518087,-1.4527462665598354,3.454186623252336,0.7499002394237105,0.9976320769202445,1.188596823087008,1.481960768436536,-0.47579544400490115,-0.30102631605005326
-0.34971665903593474,-0.6403822111629867,-1.0402217628528396,-0.16285735924009367,-0.5529484475506268,-0.10675276685823158,0.26479795320211275,-0.11447407142155874,0.10219254592287898,0.2952023983976314,-0.278010892825083,0.20462037988754253,-0.08123758956215033,-0.9808983207482666,-0.10781557634759054,0.012429766772816903,-0.1406761955713865,0.27926783821652595,-0.2867942357382693,1.849362141386381,-0.28321803894523256,-0.8261119917145421,0.16492864224238837
-1.1161609550708278,-0.6420834136070097,-0.7617052638943972,-0.9447081762721175,-1.1690419511918357,-4.09000929967251,-2.923871851848187,-3.0850814000975166,-2.7469544633402108,-0.5309383745543556,-0.49069563160390095,-1.0855277604353337,-0.7324109086075675,-1.9391672436765908,0.4386754329467435,-6.939211439578418,-1.0230430032543674,-0.950910729687232,0.7595148874861078,0.8431053323232401,-0.5655763678739903,-0.6870140996994973,-2.7055590287969395
-1.3592340554208002,-0.6574433221520143,-1.7181207577141007,-1.4724087020044807,-1.451362760343461,-1.2675164361720628,-1.7238004306295622,-1.0656763425072884,-1.4528091131939094,-0.2192019370803322,-0.11794189074424821,0.45245573938925376,0.02871367137729222,-1.7821260085193253,-0.06205186853357081,-2.928841224708311,-0.3802657435381849,0.31852100479887446,-0.29175863225853715,1.1628385775349859,-0.4713157211511179,-1.3505559643429832,-1.6876638982938186
0.5986720875910487,0.6286892152488821,0.7037935399732583,0.8633340696050215,0.6383687874527813,0.26622966723128344,0.2691679457581007,-0.1464232116333089,0.0195182907870195,0.19187657284541576,0.04979415254386324,0.030684508004788835,-0.6423926579040982,1.3604446675782866,0.10048210830726186,0.7739446460726671,0.1672991489335459,-0.9916966634403105,-0.059826143529903696,-0.5800163326536847,0.718417423471641,-0.07587145068502332,0.6318811177341614
1.388169096878392,1.2399295605900278,1.0203390601829798,0.9321256794993289,1.5328135498970057,-1.2569304068844023,-1.9127799771791194,-1.4808866450094824,-0.7707801769736595,0.08958219351013674,-0.6994678317943089,-0.32870256443183243,-0.10841197556448949,3.0163421447611696,-0.779819577489212,-3.4212840152452992,-0.7555779626202408,-0.6328802748847919,0.4935602043342916,-1.1564158167438567,-0.15774698323148525,-1.6846675772263868,0.19772254999776917
-0.14850328680659042,0.013749495637137635,-0.46041456429660554,-0.10537793998494394,0.428961229725088,1.232690411013671,2.0454297856682984,0.6568844406210635,0.9209762703290285,0.3470165635809217,0.911027674476759,0.3206616705868944,1.2283932751199598,-0.3104184066054006,-0.971740467814425,3.4243962471969676,1.3219491722142718,0.18932830729237413,0.2908970575900059,0.8500793324175533,-0.6416668201303823,0.1909165241437107,0.9594673365324444
1.4547307944668306,1.1038699348881316,1.35178093410558,0.7323606054525873,1.1219343568389184,-1.6320513464519197,-0.9794593232295994,-1.4838530428351544,-1.3022806475930417,0.7707859524539659,0.32612454987832695,0.4471693872480951,0.7639482808215085,2.482999149551319,0.25623217062105297,-2.4934262574312265,1.4276339560307498,0.29724427338012405,-1.9955317804517385,0.41768075223940065,1.665351917623531,-0.03633060804234174,0.6969281444781451
-0.4336549174702694,0.5591993068494833,0.22132566465406675,0.14097704227070418,0.0028711064370788297,-0.10379647609516252,-0.876431058783063,0.12905476774299235,-0.6417164191000524,-0.29133600012665317,-0.33719616942269437,-0.34331507988945886,-0.4516587065738851,0.17183357388432832,0.12754501446829908,-1.0086568422663347,-0.600554722981522,-1.189232465077129,-1.1212437400943918,0.10744437434089255,-0.8561698406617501,0.14693529838668778,-0.13219553730345837
-0.31766769902838576,-0.042058392975219405,-0.5411685900859096,-0.27429180204199305,-0.5117389541390821,0.3494340045666431,-0.03358513789574258,0.5012267381827283,0.09813150804543298,-0.6490780774974565,-0.35684741386857977,-0.1456750647735084,-0.3333652763537792,-0.23042818445845104,-0.07316029143383465,0.38358633025523853,-0.8067018483838104,1.0539857711828762,0.9294099847908155,0.3873714806329899,0.03556607403299353,-0.5221315700199924,-0.47220390983832766
0.7352211632577026,0.3083114372601991,0.3473194318446587,0.6887886416866946,0.7203850515021093,1.3457004493982379,0.9989914216717413,1.8274322829025837,1.58034388248145,0.1004906195664601,-0.5189218336019952,-0.49810940861172215,-0.7193173709429888,1.0003990730083754,-0.3913455311592735,2.5505833673896503,-0.6964755990662277,0.5720062783004729,-0.13213658890154725,0.3231854824582059,0.6523061516102304,3.0768603701805035,0.5374210118539567
0.9160194967435243,1.2985473931044331,1.6811488146329057,1.7207780027381223,1.3551016951701547,-1.5825919159053143,-1.5218305632949336,-0.9414098624569522,-1.6307535768248602,-1.4745657916188086,-2.0982118662559306,-2.1414858184925656,-1.706041034390223,2.0399746717572174,0.3098714198896587,-2.929959403194558,-3.5412253700159853,-0.7047284356108838,-0.5237313027714218,1.2838168598535613,-1.6313351104170732,1.360115900180313,-0.3977826641895048
-0.13863231733405618,-0.4496218075143097,-0.01277947179187493,-0.3635198685117252,-0.07603118911182685,1.0064604925374308,1.039950038480663,1.1986267885395345,0.8928805204903149,-1.790286173620796,-1.4240362700318077,-2.2456505187092763,-1.4443759834505716,-0.4119726190636517,0.07370341541944857,1.817806668603348,-3.433796107446817,-1.5375847964491753,-1.3585740152574743,1.2949855848169558,0.4802605014059249,-1.2445425000847228,0.2848041436035284
1.4532113960152688,1.3453646438314304,1.1797459885574353,1.4697211209055656,1.5690501142327653,-0.358731012779814,0.322097273927323,0.08915934398182529,0.02389402801479689,0.8835086563407035,1.1782796177770662,1.1622580617145049,1.9380241821257127,2.9428031123558154,-0.6014251389546502,0.12739789849860592,1.7664032886113894,-0.1449045790814313,-1.0797363212758484,0.544220352340347,-1.0551076754804494,0.23286808742689824,1.0438172496605824
-3.0419986125050906,-2.6296831959518836,-2.3208650582556025,-2.2558157940959895,-2.8552145980144163,-0.3353583752601742,-0.4573851526001076,-1.228569409221691,-1.416407026593072,1.7513042219629902,1.291973574074611,1.634097086996468,1.3884061650678874,-5.854936628569718,0.39094630993322654,-0.8056812488667855,2.8954035145457935,-0.44594371386116016,-2.0217986399619474,0.8458028725629282,0.8227827808340025,-0.6080061429373236,-1.7708320564016984
0.5885574980979613,1.3602698634305601,0.67377552942683,0.8644175784671952,1.0163866345283816,0.3331752865787348,1.0203769985792532,0.3356743318524509,0.027773422709196527,0.003510837237771902,-0.935955031641781,-0.56742523550002,0.38728563333886035,2.2199159217496205,-0.5995279582415454,1.368127104761091,-0.6940643275212944,0.11314045705302281,-0.10128071870153288,0.5140625524247758,-0.9626510119189763,-1.014479726707414,0.7619100001208203
-0.24612568540157742,-0.0682363214726802,-0.37992750135975406,0.7828459302326795,0.05076262365583675,0.6859231039036686,-0.02580751505785084,0.44536815548192665,0.4708090087560714,0.4957537322100973,0.6989344796106592,0.24877973187940783,0.8478613859679405,-0.08032226503493689,-0.2351270150783507,0.6747549870461567,1.3846913775546856,-0.3631166611555665,-0.5984375805810469,-0.4611697320346189,0.6927690318488605,-1.340072071123935,0.34581612114641663
0.22667378256121928,-0.2318709649741979,-0.4274418987556412,-0.1810119986475559,-0.17314761729375913,0.008309543610185877,-0.6839056266566058,-0.1186631022912682,-1.0597344912222573,0.8198913867058981,-0.23643081543318312,0.07752730977942596,0.5048141845918616,0.02166211703657996,-0.675423669829947,-0.7056446808060719,0.6320615156835949,-2.00745686074501,-0.9665878909853152,0.7565646749131401,1.1058330662947127,0.43221669075925395,-0.10489086794497077
0.3724642944797406,0.08683390771367668,0.5419887137257955,0.14937551148251177,-0.1744868768051277,0.46912644424920313,-0.6035731918983612,0.014023574717619093,0.3363270853537037,2.610368778552101,3.1122512782596954,3.1811482633694683,3.1607893674788397,0.4752177746686245,0.9471936591943083,0.1038947517722549,5.41607994483381,-0.3883469383011584,-0.0681234251679531,-1.3944950688592617,0.8614365256328049,-0.6813802350695739,1.1231293830609888
-1.606102386102645,-1.6310509325664677,-1.732502391966845,-2.0803038538616434,-2.118806404697916,-0.5579617219489796,-0.7076616234602358,-0.5653893028023249,-0.20027707972017972,1.3620964294956406,1.0273680358057895,1.0540097549923457,1.0325898951085195,-3.126341764445931,0.6635738921836396,-1.2823669373790578,2.3502083350238427,-0.30561911106831297,0.3639706308527381,1.0538915522958832,0.2513166482381024,0.9678260240252041,-0.8046609957141986
-0.0031702686245413947,0.5384078399245745,-0.3242675281598697,-0.17960961640282724,-0.0029574804891805417,0.2750093813858918,0.4994579984902311,0.11372852879388697,-0.5768053462649907,-0.3399688787463792,0.10978237992260187,-0.9112985231445068,0.29226848898508884,0.36289695724878146,-0.3817461650672134,0.5505581541994892,-0.16984649704343024,0.6336610247740587,2.0931979322099448,-1.194522939766035,-0.23130094292969944,0.993782214530439,-0.43346378098307514
0.01839704014657767,0.19785193963565023,0.25233526021621777,0.3113716205975832,0.24526262588421632,0.6524524319646802,1.3083638039403394,0.9026133740926926,0.3911048135867846,-0.35375817342787197,-1.0612563654218783,-1.6977854940226988,-0.9064144861536093,0.22225527561504432,-0.5135547832334583,1.8821102647110737,-1.3799072929340308,-0.6981996746110497,-1.5118834195632136,0.28580328679473294,-0.5764195763348439,1.3739143852114495,0.3351593753041225
1.320537964857584,1.3310622119860493,1.3814035293763014,1.6903266477480932,1.9959832001115376,1.2245360718533007,1.0922772673933832,1.0084748896919353,2.063660577364301,-0.9090659466487311,-1.7217530454790544,-1.818849132507584,-2.294920716513076,2.2211234679217973,-0.6868417831286944,2.352552282608779,-2.9995777088239346,1.6786746733725662,1.159381043300522,-0.8451539584261589,1.471034690817104,-0.8523867660741036,1.3709403792314498
-0.371457849905272,-0.20502195515292582,0.10475417679460486,-0.23125952323527216,-0.6381610739580281,-1.108071786138208,-1.4748012024880068,-2.156287880081744,-1.6302817112827217,-0.06486616985694865,0.4596183823681265,0.3636539409859663,-0.1875516257302277,-0.40118867595761076,0.7300784184948691,-2.3370300317668047,0.2166886429072035,-1.911640550651757,0.973101561015072,0.5533889830744267,-0.6994952201676432,0.4753656106920102,-1.2414341595713347
-1.1751319455607712,-0.6039261560052942,-0.6939129672237216,-1.0442904410455724,-0.7410881851676219,1.6614174581923455,2.122471071872696,1.9128186348596332,1.9472716697325116,-0.9486957428523064,-0.6390804351048622,-1.7179774402381354,-0.8213967585517649,-2.091356746054437,-0.15494442604188247,3.904507467054808,-1.600591730786912,1.3111674978026244,-0.7790927393767005,-0.03392522592790888,-1.0370660735699961,0.6324542166423008,0.5605544423450148
-0.28785751453282016,0.05225515413627346,-0.3727445494272157,-0.90112692965187,-0.2219797940226096,-1.4770160441378763,-1.8400233359946592,-2.440372769888165,-1.7672634422217433,-1.1213979491547434,-1.3115991245837018,-1.597159271250745,-1.31375406548973,0.06508160528925311,-0.25380843416625465,-3.4871464358819444,-2.325738891835007,-0.2243189708781048,0.20323595458603103,-1.5947559581633324,0.66536893503283,-0.47417817510396487,-1.0565479513938834
0.8433044982546336,1.0905805732998632,1.2244871539116269,0.3645405057710852,0.48989239782216465,-0.3376320139549406,-0.4756265030042418,-0.3550411740945077,0.16157110867745486,-0.7820686116688567,-0.4823292278095424,-0.830759634023624,-0.6663788553574901,1.8678610527612067,1.0406337958621326,-0.3162205336234041,-1.7036234036983884,0.8595848723435562,-0.45763324933761523,0.42069963101847885,-0.7961368031864954,-0.7717719573928751,0.36581524725575293
0.2163048673948052,0.22096348242356662,0.4003878573676385,0.48114850773344753,-0.19949153393454833,0.6687810688337122,0.7579416242702124,0.529205078957588,0.48770165206677824,-1.0974419298906783,-1.618998246736882,-0.5956297812414382,-0.6549082271866129,0.3949349534321364,0.732864823762535,1.4796777552995206,-2.7488649717235316,0.0798014840587331,0.18568858041873892,-0.5779207768327106,-0.9500634974661272,1.6095206657759729,0.35132630540187904
-0.3164722133059914,-0.352563754559346,-0.6074728475132497,-0.8607701856192009,-0.9874570981380673,0.3943070163534895,0.09145612890666618,0.09969250412582728,0.04198778985837601,1.6960275822624082,1.9520176730680086,1.5523840009730625,1.0042559826590463,-0.7945827490822386,0.19507142774919756,0.7408412928599587,3.6766550093062076,1.1395555360254692,1.5091310134045506,0.8811467208133691,-1.443604262169765,0.22749587573205374,0.3011618244969567
0.646546426559168,0.8458785072882284,0.4543624783878626,-0.13259974477238878,0.8920426641415107,-0.7262615093022248,-0.6284804281719054,-0.04171250603229559,-0.053751575141190666,0.20975415228027083,1.0960038348542114,1.0156859016087756,0.9318955347262565,1.4348171590629812,-0.7572000196727345,-1.385084824189576,1.475680384837725,-0.38736196455281124,0.605606232631313,0.0013256887344072295,-0.4829098394605177,0.635967750711738,0.09835396938173477
-0.011212300397683589,0.3432222037072496,0.0755971715238212,0.2136511307073296,-0.06847989441969363,0.026555270232834688,0.01039144884420462,-0.0774243445163472,0.4874376151617564,-0.012815852449600408,-0.36381173631839137,0.041467357713994756,-0.6442653702021215,0.6157161723391733,0.0786736024215606,0.1436185680181292,-0.23805607192050446,-1.0986204251778122,0.508608373233442,0.39542098538803816,-0.0827150238964932,-0.8220760118279274,-0.5847267163705994
1.3164439315421637,1.1208271998650785,0.9574783195799368,1.7165448457627264,1.7361047762333648,-0.6829623973078426,-0.4904320267344577,-0.3728111908145015,-0.10145771434611461,1.238539417967565,1.3945159731040553,0.7342458709575057,1.7458434423094848,1.9397094001002264,-0.8213178125235157,-1.0055007231386193,2.749569654833381,1.4205042872710631,-0.4303093199546424,-0.9575689550152119,0.24309172766069878,-1.2192844665221938,0.6638022227820042
-1.0263720921573216,-0.38205068700060624,-0.4837642307862584,-0.7038743673393204,-0.871327373474569,-0.24084583796131387,-0.763919113154839,-0.34048189932685075,-0.5552374999182019,-0.09522468019230189,0.0636107569779474,0.34624083346872636,0.04430775759291734,-1.1530297019402902,0.4868029801609739,-0.7611260087653016,-0.19160202455474135,-0.11348064588214118,-1.4840566649243352,-0.5893322314273619,0.9513062442994834,-0.5694497744921104,-1.1804965661774862
-0.1428814645144891,0.02312653053593361,-0.3120783808555784,-0.07611491426227568,-0.27229675563865713,0.3112102249223252,0.8057581754506923,0.39406884990871693,0.5262958083646541,-0.3560130001141787,-0.9083580758688701,-0.7858954244185629,-0.7144207111198223,-0.052150237758213855,-0.14684496773045305,1.3284420614486625,-1.6459715034077105,0.2215584736242106,-0.2084682105404079,-0.4586386361010845,0.5268979236657937,-0.12402138738999703,0.44828290891133077
-0.2141777757416425,0.02253954417910048,-0.17231612996748388,-0.3675593455678881,0.07052483263820503,0.4075673177836121,0.3216703022829132,0.7726602009331549,0.024837723342421236,1.0833466642719176,1.6399750655686445,1.7010181011557637,1.2207650410632391,-0.43304256113398515,-0.14054104753331662,0.9036770200811209,2.644711178428282,1.2347519140447951,1.2066081548639151,0.8567024802425557,-0.1908722195531798,-1.0642200068173489,0.32643635079393873
-1.5563788799263156,-1.2689019818552258,-1.4877299221646934,-1.4931818440894613,-0.8616870816843817,0.08266200436265969,-0.8409140072135053,-0.7232153098748382,-0.4839039531543512,0.8235318590464507,1.039888417325573,1.913093240937373,0.9867227697648715,-3.040343340391389,-0.2390120324682658,-0.8212693490896673,2.0637466414137355,-1.031955242094435,-1.5271678565896476,1.6773770878054892,-0.19819567637971988,-0.009844808650383004,-1.3130180469315638
0.3939601837372114,0.24598485296951975,0.3197108341594032,0.5718432219609066,0.9145713500554953,0.4994673455910208,0.7960814503664098,1.1677921223297356,1.0669591637887241,-1.1348831799425894,-0.6586277996409664,-1.7666856831509623,-0.6726425219058585,0.9752236421483718,-0.43176031140723947,1.1811995875662182,-1.5148200740786695,0.5954908976392573,-1.055089368176695,-0.8051717517428763,0.5101574689151834,-1.6885051880685,0.6126564328002334
-0.11427880073570157,0.30506937810988616,-0.33840493317974296,0.17397290892329392,0.623565141357832,0.0362015326666687,0.9467583890784961,-0.12144337233945285,0.8679389580551811,-0.2882547370571502,-0.6496153957846004,0.41330514933277973,0.013901827970552477,0.0016892013856383281,-0.9715877760037295,1.0494814238100043,-0.7957603123821935,-0.5898947564628909,0.12626773623406817,1.0768481446576803,1.2725701629285695,-1.1200474224698722,-0.05723848331762166
0.28232156240453116,0.3670661465949679,0.2800117590532053,0.08533115086403177,0.3123322143858996,1.0184252587025262,1.0372298980154555,0.19135861243253427,1.0730421558534158,-0.5989880897666582,-0.6578937567776402,-0.9762248851748816,-0.9209492897869614,0.4187176068803071,-0.06895054954335322,2.2422807711861954,-1.1710136819839514,-0.13216935564437185,-0.9846547848472624,-2.169677417725702,0.1263141994832002,0.6709112482768751,-0.08273420834759015
-0.29005777430804364,-0.47966783467131774,-0.13064059060574912,-0.13807779151634283,-0.05682904861479199,0.7014615546994514,0.5114367147119481,0.9567847051336238,0.02839672121968495,-1.2637817778652245,-0.9176730691269428,-1.2822346144232828,-1.17984968111104,-0.5422627005064156,-0.14514616882693138,1.168354129256078,-2.1055269173149744,0.07227896538428889,-0.7925234471152126,-1.1941894010922893,-0.46913085421040895,0.6037905202778941,-0.24381481091551124
-1.572187648206126,-1.3047687493885438,-1.1159677090925186,-1.6157978781433289,-1.181862419200423,-0.6887429712126486,-0.550213249117778,-0.6784312004830656,-0.4082159638329048,1.125892096558477,1.0615605297728623,0.9102482616762066,0.6787651487360693,-2.809245822337487,0.3020228925983333,-1.0259218271875494,2.076228876979183,-1.500221861446936,-0.4235985817281771,-0.9587784561867748,-0.9928660010855455,-0.3918767653868664,-0.8187730632097896
-0.10594255501429228,-0.5386469664635672,-1.2895219362234658,-0.12303261790440223,-0.5860010376639191,-0.36450618813790414,-0.6937088360993735,-0.9210016619399737,-0.9594052911227348,2.248281271656632,2.2912597892852187,1.7609339237808153,2.20886112112738,-0.8321746367851393,-0.8289835877498073,-0.7676916751400418,4.5135290022311265,-0.7788370428204348,-1.3656174041901494,-1.3525086894407223,-1.4452052644122255,-1.017764309076953,0.14878825965743947
-0.5540176236895973,-0.33409106964632423,0.2837978949074487,-0.3952024435353921,-0.5881741815534616,1.0011821925479698,1.2165434601579184,0.39942837261338404,0.5937050963423212,-1.5145255079333042,-0.6942729178238735,-1.5980090987027067,-0.8212492608057689,-0.8447836982549977,0.8810166182609067,2.0344614688912044,-1.8749845205919116,1.3510728924131392,-0.9741218462163683,-1.58358838978758,0.6662696720435232,-1.027403551526011,-0.21132608839808537
-1.2248156581306868,-0.4187417104394293,-0.844154157668171,-1.0290008170694722,-0.8032896064449045,1.0542502022159541,0.7582271423127024,1.0605441791993726,0.7104503479341426,0.3486863796128583,0.9212675778280144,0.678297294141124,0.9376829326832861,-1.8487079052981716,-0.030624970847049418,1.6450932037694006,1.0814423562824973,0.8861911885847956,0.7034279167873088,0.41299891213779755,0.5779785236395572,-0.3732682459413141,-0.06408286416042455
-0.6282744637231803,-0.10395599126003813,0.1711691333552458,-0.0003327585948880718,-0.21234109842348767,0.14302586880725687,-0.06382245156583968,-0.4966663511110793,0.7773654019494376,-1.0304452534170563,-0.5633845606472219,-1.1816533629569146,-0.9060034335544203,-0.5120661752986974,0.2831533932164271,0.0511284054603499,-1.2708740559223077,-0.06263957732723487,-1.307369782230964,-0.21406769772786138,0.5773635251066616,0.6445184916452914,-0.19847280922679603
0.5858538422182302,0.41798182126138306,0.09207907867687914,0.13451046227722724,0.26808244201635584,0.02082432146136501,0.29641415363289303,0.7743965646111675,1.3612948057109264,-0.7760190692573303,-0.12134441783503236,-0.22442267513207814,-0.3606293227191101,1.21610985645424,-0.45049647291629685,0.37876100873209734,-0.9617691179907744,0.24312345851289308,-1.5978721344948377,0.3794053976051097,-0.1286594463520559,0.9282456913443246,0.25585754783393544
1.5020570954616452,1.4782290589165545,2.070018072729301,1.8946402484212688,2.095102135447545,1.5466943762695173,0.6493144349610251,0.9174166019292773,1.520354119442898,0.4397891246191845,-0.5416831826549573,-0.738061965948708,-1.044993464554396,3.0866873941425883,0.039510838005289595,2.0910954084771323,0.16319236378324292,-0.29424250563645765,-0.6300249795338944,0.690472686121513,1.4069347458917507,-0.49653173548196905,1.4724527190368422
0.7010160674271483,0.39845388264000514,-0.1414468561202579,0.1718421138385779,0.4611693754029922,0.1683813851222563,-1.042278376399752,-0.33621461859247675,-0.6648500363239851,-0.4283529164219407,-0.8556247045300817,-1.2595150383439413,-0.6636541607683295,1.1718021623165567,-0.6148170258943267,-0.6034564555040669,-1.56534062285153,1.356583385827982,0.7319555025098458,0.26561699317253346,-0.4841184945848177,-1.1534924259847839,-0.41895468984962714
-0.36702843164235227,0.451195645065087,0.07041970251402282,0.5833190604722378,0.28407245661031855,0.4940438826170085,0.06952737861041575,0.4156499908704441,0.760899640562258,-0.42435440022798043,-0.07447335455497939,-0.10898287235370778,0.2062328224467156,0.4364048383962095,-0.11360466020898174,0.6483846335311144,-0.38164691455002997,-0.20035257779416388,-0.19692180799688955,0.6577631761503737,0.9552692372072055,0.2678436378663333,0.14628385479907635
0.4344909947208442,0.5745305012254708,0.4997634903938686,0.06796355409781862,0.36881310855041133,-0.5920043743021507,-0.14501541452841135,0.039082319999043186,0.1528695179156404,-1.2938104012712872,-0.2837554408198,-0.3909478905091373,-1.4853858352472953,1.00895876142396,0.024230320555623866,-0.7291303791824142,-1.7249198692806116,0.23184209213484805,-0.46458107811561833,-0.06953228624226938,-0.038742894989543024,-0.8235349706258495,-0.3781687393063283
-1.855465975138256,-2.0111046857849417,-1.9759759355280455,-1.9262793029225846,-2.261277949539093,0.22515106448756883,0.4753247965668165,-0.43532680407289737,-0.34594825345009694,0.4391099473813108,-0.015993207299861645,0.08308954532416074,-0.13616751958948847,-4.102945486007358,0.529466273773657,0.4132939562806798,0.1400633016966117,1.146030144142065,0.04435879751560705,-1.1869933883057446,-0.6083507646793376,-0.5182526388612024,-1.5150377870354599
-0.05552780901033459,0.0392312228499648,0.038715986504699984,0.21881601431086925,-0.08461171323313231,1.0506243864057507,1.991296910464243,1.0336596895582724,1.816861394352119,0.14130456963315147,0.48609059418820355,0.07522065692423013,-0.14933672330945544,0.0735981964060916,-0.052027056504536665,2.778758133584492,0.6711019723035442,-0.7773714848459066,-1.745707432859652,1.0578141808207961,0.5925303073177614,1.3252760904370375,1.2775717671792606
-0.1032455161016585,0.13504531505425302,0.32125052914765273,0.47729247464622043,-0.15481648623981503,-0.04365146941758469,1.0806367895643327,0.8417840191463183,0.9174446526645907,-0.04683870450533223,-0.06399560355727979,-0.4947827433668254,-0.3442489583656989,0.4490092088600173,0.8184750721910463,1.0931871702031093,0.09106004965658174,1.558789184496894,0.49470565377503245,-0.589112132781127,0.4096361186839937,0.827115428565768,0.3712165922672969
2.5829829467909073,2.936478096414328,2.6119466788770676,2.6305852043908446,1.903281127363368,1.1524783068608073,1.0138474259784214,0.4126346536880494,1.0126068716371963,-0.9967981897853921,-1.3973208232222774,-0.642291014568331,-1.3308805894381797,5.316509144568065,0.35913824954804713,1.7398066076082617,-2.5631073007263687,-1.5304614097433769,0.38343503140364416,-0.9355962987624259,0.3569727592669261,0.1579743122514517,1.4374833282490633
-0.20365137550857704,-0.22094962449720815,-0.1472352932380496,-0.18925517882810833,-0.2171651705339323,1.09134753277276,0.5850557134932335,1.6018085453223794,1.5718485079761138,-0.6206803215693478,-0.44809407802133516,-0.3368436219917613,-0.44062877529506844,-0.4968935533445823,0.15688389020726096,1.8789307281948078,-1.3685775916823633,1.6296421311127987,-0.40930847409572124,-0.17791787580439816,0.08127842205619876,-1.2719190011127228,0.30480126585680156
0.6325379069385688,0.3852538000647142,0.41103564307348006,-0.09200352737143541,0.26502308981862743,-0.015209471288905263,-0.19606567826084964,-0.18428158495587504,0.18963848587854132,0.8701490592815311,0.02038194814768768,1.4024043174795,0.8434069889549353,1.1010809146235734,0.24109868976017734,-0.24290591842421896,0.8721620545622277,-0.3726755839519746,1.0059245117964166,-0.912810919296513,-0.037893081716830875,0.2113965674706589,0.6040100518890015
-0.0004434751066314177,0.14765718320971843,0.6863129058662392,-0.35424586862785507,0.41932315326739594,0.8147451035225697,0.3668394705316683,0.5905130051589564,1.0175291714828087,0.5309797398270464,0.7198449935152432,0.43946980669965535,0.432922991431899,0.13643273830193917,0.10787833901066674,1.8302031679731847,1.2333376675868535,-0.24269874782528175,-1.1274960989530387,-0.4174303819894322,2.3883719928704386,1.0626572907875265,0.968962586986883
-1.1235875091809688,-1.1126953006726246,-1.1859636767296076,-1.2602454489259323,-0.9794345322530988,-0.23406688468182946,-0.5586057958939025,-0.708006506436861,-0.5571680312122254,-1.7543103752601883,-0.6677242257524042,-0.7435260631332837,-1.2420822698539782,-2.432743525929056,-0.1216503569043062,-0.33108943045250977,-2.312370675501693,-1.890010171182943,1.127908993253569,0.3440539215634665,1.184256645196173,-0.3756336657655356,-1.4433102980515813
1.0337391508508638,1.008892730149862,1.2031525285295108,0.9599691538672356,0.835566767216259,0.6079470793440579,0.2569088250545263,-0.700767111029682,0.1008456509100299,0.01890243472790805,-0.10799227904899288,0.13365594426785646,0.4663797996750231,2.26700345224682,0.6234894952652836,0.8285660905490808,0.10082906995181282,-0.4547947173776929,0.15449366559525113,0.3483417392461269,0.7228268949855121,1.3511140899867151,0.5171304458264112
0.7348493455704539,0.8101600305562664,1.0671293514890579,0.6958416417911404,1.3081608025870306,-0.3043376025956219,-0.31897928544653553,-0.20655415940775218,-0.5702047475563625,0.4533948713806793,0.7946288169562429,1.204942247023844,1.3307796129526923,2.0090175205301724,-0.6843952189687856,-0.6445842885484204,1.2361406520824234,-1.0398065310268843,-0.3365525898781734,-0.8978300664256293,0.11179915820338826,1.292745289518207,0.9317488361377306
0.8833724777106646,1.1131214720009786,1.1226897269304421,0.8080269245121791,1.1573420557006528,0.3022382842631513,-0.6947239591575969,1.0620421336378845,0.27279645724080875,-1.6080812845033925,-0.9854501793087717,-1.9209966167844275,-1.8386518004676597,2.0357202415164246,0.0658966327279522,-0.19336937209403962,-2.222430800853312,-0.6076463453734726,-0.01987363536831157,-0.4877053729487446,1.0071572005966691,1.6637328321434735,-0.31278085067981504
-1.4224379725917267,-1.217342044618057,-0.5532783631266249,-0.7504796284877197,-0.7347581437541542,0.4913383544033467,0.8943211278839271,0.9089987405961232,0.9067316268417593,1.5882008432911285,0.3663488458882572,0.8041120518869834,0.3291017713757478,-2.820593675156984,-0.3171743834384863,1.7262940042708814,1.999396638086444,-0.1373109657888796,-0.10726476581094174,1.0743330047702437,0.5179947763914519,0.30524312653135294,-0.30683128037612545
0.9983386843043853,1.442685213180162,1.5944133775448546,1.3816446775183717,1.3348490812811495,-0.5226964908784713,-1.2473178935293951,-0.8259248351272304,-0.6351115367727183,-0.5340051760298401,-1.0332414144156568,-0.7307678125866852,-0.49070107605164803,2.1312317924738524,0.06643133555906341,-2.09762019589507,-1.6365318916468767,0.9577916144729056,1.220282896417717,0.4964001177339411,0.02620475277403566,0.5873916998060122,0.296772402701481
-1.1788718345854665,-1.6118873072740327,-1.744752536611426,-1.2559005696444203,-1.6896828338093248,2.3385342692906814,2.1880860213299202,1.9872309440021532,2.7621842490244752,0.46086327843282004,1.0891808594550687,0.5481328066051852,0.44528838568171414,-2.739163945615263,0.27076357017808783,4.1693451975496645,1.2277306660673233,0.20760335140062577,-1.0766791274710135,2.0750650393485417,-0.30356432526591504,1.41418728833109,0.21518745847604895
0.6381167252386528,0.9453710824777231,1.0768865534905991,0.6061994182433064,0.47519506097895436,-1.3801928623175401,-0.17638431359971252,-0.9970310243748834,-1.0082557890313206,-0.4406286308504786,-0.07635363985673871,-0.7311457869855864,-0.8120481767746488,1.8042632763796274,0.485335085833234,-1.6809841370281289,-0.5695141747704509,0.30767665340111383,-0.7625192391465982,1.1801281737415277,-0.0809173376626882,0.4473939370689756,-0.11443713493011623
2.135260624904175,1.7334995543748462,1.8465520079043722,1.5978156559038172,2.5170802117212343,-0.7797957663177193,-1.5819424494223016,-0.9953409667176482,-0.9466919505507271,-1.6359413401412946,-1.8035886155177725,-1.7165979619151819,-1.546003497560884,3.9637937285780973,-0.9053041966986566,-2.245190699105248,-3.506807344741294,-1.0955193888455623,1.0363028920724797,1.144293068559939,-3.1704257358780557,-0.5012341077902127,0.1796697167878469
-0.9850061452110704,-1.1582128793121649,-0.8997456855589784,-1.2723369432763145,-0.4251604333503056,0.9437254954544486,0.14599586440153578,0.6857857473765299,0.7214305230443421,-1.4805093662250182,-1.273530375490238,-1.668222602975848,-2.295817068510715,-2.143699792707006,-0.5141727980056091,1.189096077957504,-2.561978782458962,-0.8807540896027302,-0.5955349351838592,-1.387868550455802,0.21060083929764178,-0.44854283652786137,-0.684701497856425
-0.4620232179942706,-0.4531341670834157,-0.7925804846085793,-0.6095239963192566,-0.10332467112111521,1.1148858132753938,0.6772610052108915,1.2373913718304848,0.6368228129731754,0.26048265428686684,0.5176015170971904,0.1232345607710662,0.5094907603598162,-1.0330117154355476,-0.2756745458547537,2.006101109483055,0.870580896197428,1.798725018351312,0.9005330773315916,0.7638603516334226,-0.4884760801103597,0.23855495377373917,0.009567314373125652
-0.06227653900516722,0.5693085738579433,0.08040986110974346,-0.26325705776469105,-0.047003461448240996,0.7710347424126914,1.0645036710515836,0.9102723432286528,0.9023349200784662,0.9795127494118212,-0.00014697966695254028,0.8120638218682463,0.2851606852367513,0.2885993083091582,-0.2389231268832208,1.5955989077912132,0.7434919454183452,-0.7352010347632466,1.6994359830087096,-0.05310680169691065,1.592669998282884,-1.2905614219462187,0.5046120018595074
-0.736967071736893,-0.5232007324380955,-0.4048469310251551,-0.32349703511733785,-0.8393608841029025,1.3636189799823288,1.4116844909525175,0.9156197995474538,0.9679863535615375,-1.300127577468479,-1.0741736674831626,-0.5594092351390821,-1.0483392257011717,-1.093217538910012,0.22425197074987852,2.312074698341071,-2.339850367669434,1.6562082520572956,-0.40179502694163366,-0.5509818035382495,0.01934407081175429,-0.14325891536419263,-0.28020703836814526
-1.4919098545368281,-1.7172232890740922,-1.4542562664310508,-1.0914381813630234,-1.5083975569927714,-0.10163316579565548,-0.5040666106278814,0.16314352267697632,-0.12983355191258752,0.8043636856613829,1.0693985383815312,0.9427965661512877,0.6073605047998668,-3.026378819333803,0.35362762719764596,-0.43409693736310784,2.008068458388725,-0.2430611988808665,0.6813623265753054,0.1680153405325285,-1.1889634195349619,1.0965471182302537,-0.7692083179697641
-0.22494885847848226,0.6329100956382043,0.19513920107661276,0.4341915303152223,-0.46196883486282814,-1.0369810899331104,-0.6985746821912229,-0.8894077084082356,-0.9258940722290583,-1.9857534577624982,-1.0717650647209815,-1.8209588963773147,-1.6746697880117782,0.09881527982157545,1.0286485046469873,-1.9011950267173803,-2.751912250605913,0.0022879361435040493,-1.1536922813398585,0.9452115346114836,-0.0498801541281177,-2.191253851165281,-0.6459372691668634
-0.9398278870117633,-1.496707883850978,-0.5781903330085107,-1.1263365750051673,-0.9653533994706704,0.06803671583863329,-0.11031962451829502,0.34494905258045433,-0.5313449404785975,0.12834962757247032,0.13092850241370757,-0.37731408852723003,-0.6720002548530405,-2.1185679752266044,0.3664768216041029,-0.44598048155738934,0.4367789234689898,1.0703651602299298,0.7547332980678092,0.5008315910042116,-1.0461210850625042,1.534482101794515,-0.6077440254103148
-0.03718265063617049,-0.18604935635084302,0.6096527210893755,0.9208102716901672,0.429311654745581,-0.7984336246458219,-0.7195410532337659,-0.44043605801556046,-0.8199733918347555,-1.5325564787825896,-1.5189512234881757,-0.8766610043792432,-0.6877878201538241,-0.10841776280821325,-0.06746947416153395,-1.4889619286877114,-2.8993383714084695,1.2718924219386565,0.1994239859867671,-0.87847380134206,0.4734074157124664,1.1223742187031596,-0.23429535718740024
-0.61067754303611,-0.7874198992178034,-0.9926712248209978,-0.8748239970731697,-1.0592351847942758,1.295096494194571,2.032857072224565,0.8335034490413417,1.3312729988256655,-0.7979144925639388,0.04363528129264527,-0.3452197304167312,-0.6373721365074427,-1.1181785132247546,0.48573266033510987,3.4865887040628714,-0.7422620123482607,-0.1108125602790875,0.4730382821602152,0.7424589135926203,0.29094736433948537,-0.4597646158304763,-0.8262548796193776
1.6917136497414522,1.399318137711756,1.8391605555040467,1.4488086136821277,1.0715234848375008,-0.7935816248767739,-0.7482455128602,-0.376498090660899,0.08302462494048787,-0.05588279866685319,-0.13844114291777354,0.5628334078292577,0.20244941697299532,2.8226062377561854,1.0865255490163852,-1.5662385641612293,-0.11666154049993681,-0.3882430535215389,-0.645572072035395,-0.6375875420759639,0.9578396311082676,0.5433908278718096,1.0407133039058367
-0.7064443720420743,-1.089623137475451,-0.42641214565884494,-0.9672740913985189,-0.6291732603653222,-1.2469701644510531,-0.7240013321946821,-0.7847546786877169,-0.6252309082400277,-0.5188775135133042,-0.9777115886939605,-1.0718065843731828,-0.5273709455830374,-2.069232340600613,0.33855051225892385,-2.062541173882233,-1.2466881220660329,-0.05592044852221312,-1.6610834155671725,0.21668311896428621,-0.7908817916945654,0.003147726906326633,-1.075297648216325
-0.027254221022021408,-0.1095545820158696,-0.6903438607467733,-0.41280242215211405,-0.48187176810424903,-0.7485070102846707,-0.13430857294682017,0.2982222189450815,-0.3014763667806094,-0.06309648884998054,-0.26473730215845787,-0.46489757360594686,-0.7419624043759304,-0.1666026649913504,-0.3709525624300083,-0.9146880296606722,-0.5943892705043683,0.3379575282321183,0.5032520647495048,-0.3033500674771342,0.0340080962281468,1.229990368438683,-0.2828202870682822
1.3131595507084426,0.8866574315010294,0.9927372383246271,0.6970641718073012,0.4625421666565834,0.7930544910650547,0.8472459842513632,-0.08271137598593603,0.41575671772689493,0.570291727458206,1.5502489564646114,0.43247335233053863,1.1720079738767706,2.300373867588511,0.5203892035004364,1.5661839228362613,2.050652818479426,0.8913036868697555,-2.0634031524794545,-0.2188662517356257,-1.3650217954266353,0.9826831427699412,0.8701103897907749
-0.9265532969285162,-1.4000879056549738,-1.0205124937406858,-1.179739449721309,-2.09254298041845,0.12052079622879541,-0.5245312914156165,-1.1507346591049508,-0.8278530085933535,-0.5576649306732017,-0.27800027772987046,-0.7142567566444542,-0.6705662513377265,-1.9673690379980973,1.039958470468798,-0.6736199175748545,-0.9901789581543203,0.004229858994151577,-0.3173504922425348,0.7662429750405095,0.7014947819247145,-1.4000707231830092,-1.5142466412292939
-0.32480233479536413,-0.15663138499713888,0.13819088359613185,0.2756321289190888,0.21920546308893854,-0.8640000829814201,-0.6990001797647905,-0.7563160590718248,-0.5426890274854175,0.5873391629029314,0.9808950371918105,1.1844917907679484,1.1320618833909146,-0.3402179370294767,-0.014844318569691137,-1.705936398144297,1.6440648238399669,0.6188862980231536,0.9411818664199697,-1.040193719815898,0.518871180440122,0.5872624134641767,-0.1734108125258621
0.9232696642617176,1.5688799527664714,1.719854798275914,1.3080565603284524,1.8388182332833511,0.17615852221590805,0.08702778452319584,0.2640422922343195,0.4120763892476682,-1.5701835733939853,-0.9675558691162809,-1.2929802373874875,-1.8742364517806416,2.4436133616657822,0.1712368526188301,0.3674422877418668,-2.2916950073801083,1.638359732270941,0.19189773587303607,1.945195074276933,0.49580502102757085,-0.20562785364324765,0.8588556473137733
-1.7949288078699313,-1.4124228811736292,-1.6524999106709855,-1.4764017836373227,-1.1091054701968666,0.2729874363539953,0.3526173476067657,0.31430323685688605,0.44177411030584246,0.45384821026675315,0.5450343119404959,0.7539721062355711,0.4951211728308386,-3.412625530576739,-0.3675110322466383,0.689940492236061,0.8794876648630343,0.38130961226478466,1.9483426447898131,-1.8210860692944963,0.00161903135694112,0.0828325705180999,-0.5336494087866503
0.19246117359555434,0.15488109939848935,0.2223067945737669,0.5418277409682066,0.04750498155642266,-0.04219185432785355,-0.6442200855700939,-0.40936189620772967,-0.7173571124381619,1.3335996446983636,1.6369174507393776,1.3748925335586664,1.2305813911335137,0.5933423875378737,-0.040673402379607426,-0.6527999787045834,2.4924562219438537,0.3116528560047783,1.0251091525817735,-0.5976676832548571,0.4147728907887909,-0.7281719009698155,0.1860046672969377
0.41518050038916043,0.8138738930627233,0.20796124696326265,0.5447490348808206,0.07921917613988938,-0.8419795592945525,-0.22240954967590243,-0.5603192074722448,-1.3323754735668205,-1.6222937299063567,-3.3569905273202956,-2.358224540249743,-2.320352467405335,1.0361133083017406,0.4040413608272808,-1.2634188053411308,-5.061728406231547,-1.5189108250900678,-0.6538983883255765,0.370211889941741,1.6043391083085963,1.7481370691208353,-0.522705852785337
0.5640997278312707,0.4607974418794646,0.7864965860517507,0.3363534812423393,0.9224551485998175,0.32739753045155034,0.0842058029401827,0.8279953127984692,0.6709110220591146,-0.6453593165942332,-0.9007078661449062,-1.1985872419059604,-0.632379789891606,1.3505908806651998,-0.07333213454543576,0.3753027009645996,-1.3633724363356579,-2.6307301368290634,0.02731337985143867,0.5843141664353099,-0.28509425704201397,1.040061819902576,0.46127634503117065
-1.1809206815349584,-1.6946082621555036,-1.5658332369466426,-2.0031270513486685,-1.5364663426345695,-1.0580052895843521,-1.2972441839364495,-2.0884459328879306,-1.6396193239006858,0.09490600191655701,0.6615348044014133,0.6068954345524054,0.3294030639928309,-2.9324058736117635,0.1080462648597102,-2.7906624828093727,0.8639667869079464,0.38837572923016833,-0.04737070254443595,-0.10047572057170515,0.1386451837100845,-0.7397711639729673,-1.4540717633578883
-1.5470714927902731,-1.5280290340486495,-1.7524718778625645,-1.0401606397124943,-1.2299190431384366,-1.2070261064006171,-1.4191688998505465,-1.7388625842886536,-1.7525740799938034,-0.40071628750282245,-0.6059003153098201,-1.2499429758582457,-0.45230623850460794,-2.7569841123153527,-0.22924466286840733,-2.5904996734740857,-0.9209793532505274,-0.09482423128087224,-1.5821767633461272,-0.057390703001542406,-1.0861262991814098,-1.3346106069102326,-1.7523804011055593
0.33848622471931317,0.5082657607102483,1.0002930845843894,0.1118779560922713,0.7517656491323047,-0.6426115746129386,-0.26802412094356876,-0.759746125312055,-0.4410526564868385,0.7286300267715983,0.5063590346053548,0.30573221801461414,0.3324129943762435,0.9825382434414172,0.02621138554937441,-0.6248641539937938,1.178990401002057,-0.514782674914742,-0.9403989164843533,0.41055008532761655,-0.8682609615983323,-0.3856726309778482,0.34146415669765007
-0.1250136558212806,0.3699865080299936,0.042896268737687704,0.229555052665381,0.6650646403984783,0.18697128531500923,-0.23400464114724173,-0.8707226761735142,-0.37025220767949907,0.1269697837886532,-0.6755501140609631,-1.1746508220161196,-0.9178099662761434,0.21757375432022136,-0.6293334874020833,-0.34185978224065366,-0.8043864775162672,0.24353020418634463,-0.5607609069798603,-0.2310694774576803,0.09781329309330739,0.43450264609130573,0.01764348442868148
-0.026477123487394727,0.17812203298897758,-0.04692485449101558,-0.10054105747193132,0.2204466274018907,-0.7703853516016904,-0.39830542168474803,0.24056580382517612,0.7348821192166534,-0.4685043718103854,0.7010062818833214,0.5086878682642855,0.3812840808811443,0.04776563513635752,-0.3736623921647493,-1.2858763079499895,0.33556077439782944,-0.06040372919690829,-2.0362205028559366,1.3931812579349059,1.1039335467019071,0.240205843946223,1.0395233425772772
-0.05905717218792439,0.4520648284512647,-0.29956882458413875,-0.19414592177703022,0.28534608444388593,1.7465063447619151,1.9801248172351487,2.1399442832407596,1.722158596780231,-0.8136507701907452,0.3948796684331203,0.11641533807549945,-0.28489975554868563,0.32482608079412434,-0.8984867941011159,3.7924525177390898,-0.5856274637645499,1.1277802506338985,0.047493468251642953,0.8393491142316022,-0.25628082425157245,1.2531328247682434,0.6778212916058379
-0.9727866974716906,-1.055486548835624,-0.8717132458853415,-0.5175859031170544,-0.9434194976054591,0.5960293499510498,0.4953667028569718,0.866014218520404,1.1310873524822105,1.822619873039931,1.0047501124684504,1.3311169053479357,0.15033618489723288,-1.942609907832267,0.14104824724110154,1.3419645796935182,3.264189332184473,0.0861108682589779,-0.24907184465304072,0.8728243510056346,-0.23591652931212392,0.7899197221808523,0.458577635603001
0.5483462361433554,0.6653830783829814,-0.16467324086124593,0.4600002452517976,-0.01581040905095446,-0.89219168870601,-0.42144506542295507,-0.06765816767595371,-0.7063208144436408,0.39078580538102947,0.20162764425286978,0.786773022806996,0.12323312348358098,1.22916061376988,0.3534484785065932,-1.403281677388995,0.7065148913048025,-0.7469232850701676,-1.6728939013115742,-0.966156723370417,-0.4068852445043747,0.9695690257529068,0.00017427307789899538
0.008252806649098332,0.2684271197809106,0.7856770213395919,0.12011935308066543,0.22512880572822322,0.18546483190730348,-0.2572807255200857,-0.523082113971721,0.4657613862518714,0.03370020591847395,0.31172101411226477,0.005481879786509158,-0.025887675220188144,0.1579176448162679,0.19253266671021813,-0.2102659594659615,0.2292915595199485,0.990166238959289,0.4042128652773321,-0.07938842440570287,-0.5347566708443231,0.32685540061043733,0.03613732988369994
0.07536320142484942,-0.3791626685499295,-0.4114062912235776,-1.4916641056698408,-0.6041417659815144,-0.4530659465726258,-0.45275412736948184,-1.2490739278535998,-0.8980291521442664,-0.22475678597961504,-0.5699577827783353,0.19970015314797795,-0.9828235015337983,-0.33692574918860657,0.18627935254804273,-1.2996047024253243,-0.916991618235676,-0.21713107494620248,0.7158727446909595,-0.3004659487207037,0.29497145570882155,-1.3892987302109903,-1.1281339058845934
2.0137698814090235,1.9685921150580679,1.6593294075914393,1.7019011766690118,2.1398498990147314,-0.07349254184346668,-0.8727828215838681,-0.16859168812196473,-0.1662239916908712,-1.4101179327284008,-0.4193474796626492,-0.16133917658135888,-0.9207055474503939,3.998077402410921,-0.3524119044083374,-0.9255877375657134,-1.8480542537137679,0.5265366836723071,0.2270344788648889,-1.0056013756894657,-1.4972576451786446,-0.19569853114690144,1.1917094664054972
0.5292837580202497,0.6108588866579228,1.1495636625150802,0.5913741225325515,0.2328792357076841,0.09249117996103723,0.9664407745438593,-0.41574467762263195,-0.2313032519832379,-0.4313767605106146,-0.6979569119302775,-0.515352538346252,-0.3942652226780814,0.7143958257952101,0.9413000671386323,1.4673471625336454,-1.1772340568452422,-0.47741070619280046,-0.3240681752089702,0.36016418394576694,1.2809395766667275,1.0600897399086655,0.9330383353503235
-1.4488108312570127,-1.0203733131329875,-0.8967738511051704,-1.6349769678348873,-0.7434969265147922,0.9676298635335476,0.7451412839645102,0.8353760783395969,-0.3877755328212385,0.5091895528733766,-0.0012632248498373189,0.7919191938923273,0.8594764322651778,-2.3775505214322603,-0.17590253509352632,1.768242839890993,0.7312930831295301,-0.6498268854974364,0.5914421517518549,-0.5376457577798165,-0.6654222981294605,-0.05152292852464606,-0.6094612698642807
0.8666465724565271,0.7908661766390241,0.559104193581243,0.7115615845675765,0.5752165283210591,-0.301265162118704,-0.7379353779006591,-0.6041545192622731,-0.6637698189600546,-0.09748993198202255,-0.20303555245516897,-0.8081872101643349,-0.31136991496752,1.46156850415219,-0.27595560742898095,-1.0436563358561057,-0.26324225048838223,0.08416823018569615,0.6802203604766911,0.655403829850237,0.7219034854381414,0.5030903686237468,-0.4193769088239646
-1.1473730180986537,-0.7818648422670582,-1.7245033846893933,-0.9792746249792201,-0.9810918585318523,1.1753323259897295,0.49738891399465773,0.0747633314663595,0.10759791096834365,-0.06508872640597524,0.5101102113740467,0.0011949003617272025,0.07749867102090405,-2.159904341006861,-0.6968541775695083,1.7371377021377843,0.2986951371863658,0.01282864354368512,0.3074035697196884,-1.0701915628943317,-1.2699985973938759,-0.3187483152461331,-0.2537682397212992
0.8236875481360605,1.1858303627821813,1.4743673755196745,0.9608720536227786,0.562921099998105,1.8295899094313346,1.6469605429456404,1.6313408243753797,0.9916707986651639,2.1053913051366147,1.7938902827644414,1.8623943955115436,2.2349672669551848,1.6720490414960998,0.7600934801183842,3.4743320515872544,4.277369724932212,0.479827035366833,-0.8246122504347609,1.719040612841821,0.6688401305462182,-1.029811848541845,1.3175569074507267
1.9266209404880423,1.217551929917845,0.7417238389783253,1.19446968953165,0.43132350092552163,-0.07858669289622047,0.09968882289487775,0.09052855094185648,-0.717703822944014,0.5472260843108367,1.1844991041986022,0.685982505609287,0.7104430948550452,2.785394370832309,-0.12758400294290706,-0.1415007444533687,1.7415868548134834,-0.26864575330974255,0.2766007655111807,-0.8963326585920618,0.6719446078144975,-0.12334406404611045,0.9903872073249819
-0.8495002882691054,-0.6079811910751568,-1.314301942438778,-1.1126030006161771,-0.5554686994433955,-0.23907460265992597,0.6597979564789642,0.857771337507448,0.8467870720949116,-0.23663921768183016,-0.5470757373757071,-0.6958187071339296,-0.5691336613749417,-1.72857097996672,-0.5199147988926365,0.5853793369545793,-0.6299470198637579,-1.8363597837703973,1.195480650825479,0.21930233720043607,0.3842020720058965,0.3090474430326539,-0.4666212367585308
1.3081581271300244,0.9364554209581538,1.2701472588472138,1.3223475797436692,1.184429298372052,0.5917189964591331,0.9123857781124919,1.322360266338462,0.43843863423399704,0.8878427093368864,1.2898217554772382,1.6292929956473086,0.7971869882824003,2.10280935656208,0.2773951244435704,1.549257079193976,2.0560191633251725,-0.43277388358838864,-0.5966290586117302,0.7918593103880676,-0.9944285217997922,-0.6556877194614437,1.6181795778593284
0.2018279993987321,0.8448160915713401,1.1447066488382802,0.3652220550284073,0.3283826598010343,-0.738519110012313,-0.36538819938373673,-0.8072581486169838,0.21227061208076342,-0.5509106667276286,-0.12095496860719179,-0.4986744131509925,-1.021215455384653,1.437295918475386,0.8266561844074619,-1.1003846590093183,-0.5992425097859156,0.7938184671438157,2.0979393391324312,-0.5706404302001128,0.249548189598077,-0.2357112448566685,0.25800047583451935
0.8115636128454015,0.6191424693767091,1.2373420055476454,0.8138687981415105,0.8421573751619515,1.0924695688095423,0.14515711368748632,-0.10025052267371856,0.009771896589497647,-2.386659923354434,-2.0498889328241536,-1.914747796252946,-2.1745978324736597,1.3255301470430698,0.4409995680268344,1.0425534770413787,-4.374326857949948,-0.29737607924310644,-0.5256309339853844,0.8524686434329506,-1.183056184734389,-0.9394632419859826,-0.07501989332432005
2.4280331733446,2.437075112527192,2.065965718669655,1.6168125949319885,2.0515747479651774,-0.057761924191139784,-0.04791691267960982,-0.4904387427840517,-0.6703507822553838,-0.7801886262791241,-0.8489269916680071,-1.2077092891621923,-0.9527675894453579,4.900658307125399,0.2292545732475901,0.15502274951620224,-2.007045476366362,-0.24638340251454802,0.032407013340136216,-1.2291835978004162,-0.25276325509618536,1.119244917564096,0.9864411905844594
-0.4334782333392007,-0.25743550119617353,-0.06696181350328473,-0.3783727913603236,-0.7141518730688333,0.146958021262626,0.01971278640775931,0.004068154906039165,-0.34893367743063197,-1.570334030196023,-2.051542296386506,-2.508003076217837,-1.904610205531067,-0.6108174572341084,0.6920579909211652,0.2996113567370073,-3.218821304490401,0.9863765059059371,-0.6724855960063362,1.4521176991825604,1.029413100955326,-0.294455757588034,-0.9140074574185515
-0.21000159695841103,-1.182968694992904,-0.49771149672339726,-1.0191769785655598,-0.912451967561378,-0.5524156334392795,-0.31950174510864066,-0.5864664340769327,-0.278685135852691,-0.4336306835264035,-0.4202767882411427,-0.25699340860431097,-0.4971019088228842,-1.3667572547081452,0.5955439817902437,-0.9825015460213806,-0.5957785795830366,-0.7119732272589228,0.22327083592026087,0.014149264965758293,0.796701927070742,1.452755545126183,-1.3579930186326767
-0.6771888489888807,-0.8510831051522865,-0.6618358526894937,-0.9413982476025502,-0.6512350257389752,0.041951152807924205,0.26193286317128744,0.41944398089458346,-0.0378490969157243,0.031801677425561614,-0.053632421618567426,-0.6508708622073701,-0.3125927420543217,-1.5437606462863658,-0.07009726712528859,0.5042489867155991,-0.10126980742220335,-1.5428032182428997,-1.7422216926352752,-0.5964114079688796,0.015182942540433121,1.5287478505409084,-0.511911066037339
-0.9845503177337186,-1.0201257822079026,-0.7314528577746255,-0.3022977409227353,-1.1920971119162131,1.176018707417751,-0.6781571626202625,0.46761788178844066,0.2786833726492094,1.1694303171535423,1.4151348909861992,1.6524153961453687,1.8893234793650218,-2.24373485266147,0.7230410018563769,0.3983473771204471,2.3641112600485705,-0.16063111952549436,-0.5460417988167212,-0.2991817724274345,-0.9748065759228419,-0.08104596472174376,-0.20121252474947687
0.11262061230255209,0.17509135528251302,-0.04584137822854138,-0.4886720522935111,0.010965670235884586,1.202083863101261,1.713503918406946,1.323204598493104,1.5151508981361568,0.22204054696178718,0.26505641667363894,-0.151982889827321,-0.13406879821714207,0.5778974772409076,0.007350096722110816,2.7591870830059997,0.5566092863961365,-0.484173951248737,-1.0921212003485672,0.8089192693927194,0.6455877121741934,-1.0084487325473497,0.6452907492653378
0.6329183097046629,0.14536478102592662,0.3223740364467872,-0.14291644454637842,-0.0658225665703776,1.037113808180104,1.037165303972717,1.019974022984703,1.1599839205522249,-0.23667214477347492,-0.7611169334111755,0.4764460709219186,0.0525092410363521,1.1397224194581665,0.4270069917383396,1.9223384886567636,-0.9804495383017711,-0.966246319753254,0.1353383478922909,-0.5844552918504382,0.019381237698025213,-2.0858978777333372,0.3541594488018236
0.463233787995178,0.14283576936558515,0.05050142267001617,0.7180418975781016,0.416619794060077,1.856194223232337,2.1456989549331973,1.819125296859547,2.6001419838725406,1.7466831630439805,0.6575017696837525,1.1483825339446416,0.47862962455913555,0.269537818536226,-0.6201305891324672,3.6476794675479165,2.475318722440379,-0.17537845589869072,0.9944473755089074,-0.7493576894227776,-2.3203155982304233,-1.4720370730267915,1.684001418528916
0.3561158330688869,0.2603210297523645,0.7429807259759916,0.7643861458904639,0.8164908043467788,-1.2953565673763319,-0.9227549441236038,0.06846792578985994,-0.18794787093087895,-2.6003237680288422,-2.31084173168727,-2.174121482062867,-2.4744876420814474,0.41163114464397543,-0.01611890751044541,-2.1238030354162944,-4.872850020477294,0.49150564724678364,0.6460061871145515,-0.22153659758373817,0.7826298263165181,-1.37383482489866,0.07244292995877266
-0.20513926086955356,-0.122690003896816,-0.4948851523807086,-0.18771992972006796,-0.47153765289374583,0.627613000358564,1.3219657247150836,0.22925622587345462,0.7284131784050438,0.748076591671919,0.1459516447351829,0.6779118952876999,-0.277760258606921,-0.3837913332417707,-0.18973848298585305,1.5833497494059776,0.9952764342682872,-0.009288561567815747,-2.3716593608588923,-1.176962112769968,-0.024232833869692147,1.3784696274615047,0.12546961526644446
1.3792784864918655,0.7263702791686298,1.4240321891188918,1.7655054833761397,1.8029558834944683,0.16852728691898694,0.5623525905874949,0.2572382372966415,-0.3470770686944636,1.1197657645999997,0.6863410878321943,0.4746546017739593,0.595374442476994,1.912741206678457,-0.5065802396812753,0.48519111125332925,2.0955679923105555,0.30698107268623775,2.0420696529278803,1.8205439079418155,1.2024512479830722,0.1158245872269461,0.7844988701761171
-0.28698686196796996,-0.7398276802836731,-0.5612341653832313,-0.44634149515901533,-0.4850343062773709,2.0180820434107685,1.8806518660882285,2.999245420909528,2.0244168687683617,-1.3803635042082938,-1.5002037157308867,-1.288368463245309,-1.137226885312549,-0.9256214315604699,-0.2392749847690847,3.4836163076832904,-2.7669465789134513,1.813407698515423,0.2952799406208684,-0.5663945912147232,-1.0952705188428047,0.3896045240919878,0.42859974400329426
2.9063707958548224,2.948293563432908,2.3890923714248875,3.2679720806536996,2.4770934354853047,-1.085266677304694,-0.6454773705053374,-0.8055783475311523,-0.704186082721997,1.7592712126752257,1.3115585745370515,1.2136876950084787,1.3242238741623138,5.709009918806407,-0.3012480504402622,-1.74795798636821,2.8608986874302893,-0.3428788615575641,-0.7764991404930003,0.8316167861804036,-3.1767038131960006,-2.220421008935126,1.8478048256845636
0.6789776480449824,0.8614073953602559,0.6796355931110497,0.829045109166787,0.685838106934289,-1.4022488276495095,-1.2283845359972905,-0.9157374561813738,-1.2252254126650204,0.46873332290681613,0.6445773834407971,0.4309034359611986,0.6809441467042263,1.9733962569665586,0.418751766780153,-2.6606974557011744,1.3858232768901035,0.2783486346446696,0.15712791899094083,0.2094700836477726,0.2790838583451852,-1.1979664292172616,0.1852529366206298
-1.257760864029313,-0.7295202878807932,-0.43955687051290276,-1.0035309788599933,-0.512566351587668,-0.6326348744955,-1.1512399113595944,-0.7423708145681931,-0.9822530114020394,-0.2790821954170262,-0.6427057432976948,0.030035811136567447,-0.23253802282392375,-1.7491714330413868,0.33927729347244584,-1.849214028492367,-0.5936650260170635,-0.5092133625991345,0.17618982250269238,-0.9845340504819681,0.29156367668197275,0.887079776446287,-1.1581891409539526
-0.9568331427593233,-1.3609853409998762,-0.7953975162604184,-0.4237000340814613,-1.3756390437546313,-2.725783873922208,-2.374582614145793,-2.19605239701477,-1.9863805716898528,0.614189637550144,0.2116615667200843,0.8891541020792156,0.24649742612065562,-2.2753036776327566,0.9643150279230651,-5.308882027002117,1.4562625511726455,-0.8463597198869729,-0.6668487169515637,-0.0059547092127293835,-1.690671627606452,0.2867741123825862,-1.6819298406134264
0.6656481388283322,0.4681590084005913,0.011322234156232236,0.3007579383421838,0.5009763701975768,-0.22173263620492,-0.18079763272765753,0.023384368189851013,-0.5452159623089415,2.6989419666509153,1.9059773135193099,2.371746139793154,2.154916629289751,1.33920439989287,-0.7342331399524573,-0.6369770196199056,4.380220473522306,-0.5849076534177698,0.1979166673420755,0.784002779310748,-0.9784995458666064,-0.14720527868559727,0.8663141603333485
-0.05552565094653897,-0.22454354705302143,-0.5203512262969521,-0.0008341737230588009,-0.09481783522667903,-0.7261567603798966,-0.3778826434032633,-1.6438774260855007,-0.7460138633890634,0.5656304868923044,0.01134523264027068,-0.39734434762140847,-0.09120344013261675,-0.058889113128098636,-0.41128264108809454,-1.0111654310738452,0.6255521221626301,-0.47875857152168855,-0.6074722876203072,-0.18826133508630655,2.7552177437199017,0.5648423586001226,-0.16930113619394432
1.0382347117584785,0.36649108733432917,0.9962318504885568,0.8037882682140396,0.9219321762710352,-0.4326268133097646,0.35562795451512486,0.7637672669947378,-0.15300434740382016,0.02923353567666176,0.12504812506455792,-0.08779561704747621,0.7139218027140001,1.2919363014811591,-0.18440185082329758,-0.1871092451363373,-0.2621380798965778,0.35947579754712555,-0.40436199269002276,1.193112945851028,-0.30561061415380336,1.635797806135815,0.06294878389718417
0.7234142709382161,0.92425711510369,0.17849140651205198,0.8637600113931843,0.5261700911567124,0.21807234495721406,0.6317942905163583,-0.22782688520289862,0.2495956900948525,-0.9210974176498127,-0.7288595227093542,-0.5023090262987475,-0.8782369257894531,1.4844279371335132,-0.48681766008407323,0.9131382997808013,-1.5393271090833252,2.3490757867007575,-0.6862791357550845,1.0215153927818639,0.7309589763762161,-0.22104246353705057,0.25365422351854916
0.06492511111165822,0.19037977451582863,-0.14021885765598013,0.395624446361183,-0.18293726438186947,1.575308276979653,2.08264215406187,1.7695099075221203,1.5064775815085645,-0.9208875925532718,-1.3034852019522547,-0.8171640384679639,-0.537050178178603,0.2709334982214164,-0.14090698995742565,3.4809006938166784,-2.334012854138881,-0.7160434362758403,-1.4326712897396527,0.9189148546583293,-0.6506598273683837,0.06936980265806943,0.6962945080910137
-0.8678434315059991,-0.9130829702173041,-0.6817780883610394,-0.837192473348675,-1.095070784263021,1.0780936423537224,0.6938312000968694,0.7787260700665855,1.306503202635965,0.5503223190050694,0.6706935269282798,0.43476451290837226,1.1428696710823147,-1.6085991768237142,0.6612094971902939,1.8081373910048082,1.60570500489834,-0.4166253056154625,0.1458364702153839,-0.45965677227299695,-2.0903028988531567,0.19259691873130513,-0.1438357699748054
-2.013135504740662,-1.5067814729875053,-1.8053505611449552,-1.7408725857897196,-1.4890040597719523,-0.04072347725314529,-0.4041346377928268,-0.3414823477541152,-0.16280392177290204,-0.8783174270242415,-0.7925845088689772,-0.011996989456419915,-0.21571675530823675,-3.492104897997484,-0.3955924369933549,-0.18420250758275936,-1.8258249298969351,-0.06312301311124825,0.5852994365163381,-1.079842447781487,-0.1702582467959055,2.3921096352739926,-1.0863191433537773
-0.3176294863272453,-0.38400010968275533,-0.4149023002232331,-0.30852330918528614,-0.7681566556627031,-1.6484836592066558,-0.578250861257285,-1.537664412101857,-1.6368898162435954,0.5046695843588411,0.2798265502618401,0.602304156558143,-0.07182407020093161,-1.0170288924482,0.5669302221782733,-2.109501360385384,0.4466595270272289,0.3957988487097471,0.5148835960763722,-0.6135876053627944,-0.2656045602861052,-2.0993562644190256,-0.930920895023897
0.9187051004724056,0.24387833379618518,0.456191145848011,0.6530841833978405,-0.02000635072490986,0.5379296031654726,0.7936357034319355,0.6767882379392829,0.12011482742954166,-0.6377130260454932,-0.6727555153530291,-0.2669160346277475,-0.22834469091205997,1.0020185454784223,0.5970216744906245,1.249082542954112,-1.4047212895390262,0.26355081195478497,0.8199252526352343,0.19624094066672046,-0.39987823866837147,0.683223014788808,0.6897537016479636
0.295567395288816,0.1399405293740249,0.03368345094483988,0.8181099183881909,0.3450616853775043,-1.3842863252472983,-0.844667858430785,-0.5105093577059011,-1.918844909056674,0.46399164228734063,0.33443058799618997,0.5041927271957025,1.2775579685349867,0.42071335194396525,0.14934951598829338,-2.177514389606898,0.40332467604010314,1.2840957939481172,0.3243402100148682,0.5457867135323555,-0.11464083550639245,-0.11480224875906367,-0.1997504058425736
-1.6287633514580808,-1.4503340531113276,-1.1498041984692269,-1.2047781793871668,-0.9745583263861295,2.0999947964345402,2.1147803047347793,1.2861891640172294,1.5714491920915945,0.3539700624698866,0.009317697190389551,0.2593889658215452,0.11748751836015447,-3.094230525434574,-0.4711347167110422,4.166642066263277,0.5135076505617382,-2.4263920705352082,-0.5327254982169035,-2.1715714047604475,0.26426827164563654,0.5667717261841796,-0.03357456722569857
-0.15113603627129668,-0.12730507711729266,-0.3047171942083188,0.0635844604575494,-0.5356988048113696,1.2647187720163626,1.3200194037379203,1.2553225877654453,1.1460649328051427,1.3344907530297487,1.0265362346267275,0.7043684832501167,0.5002758576215733,0.1160673219693723,0.48282825856041056,2.5863142126932286,1.9480103784052123,-2.3869298701956727,0.8396638644311888,-0.00811320161175029,-0.15011695125380659,-0.6573725539947244,0.46823677739251557
0.7012632357287079,0.3009872918630503,0.5174598011169564,0.4407214714883093,0.08239816831585556,-0.7699633848002325,-0.04111555677813383,-0.7339685232233484,-1.0490337399841168,-1.2964276657493587,-0.8069664208215321,-0.48289821737314514,-1.1680199107224642,0.7250529391119584,0.6643498068812465,-0.876201152008067,-2.097702570334259,-0.4958781720101493,-1.357517539841935,0.15808922532318442,-1.2640061679473638,-0.048965030858450255,-0.24646693797355076
-0.8957239823581296,-0.3445514781462763,-0.8897487758791374,-1.2879953230600418,-0.6981111578995737,-1.8407561033575248,-1.7237430327905015,-1.5427796466136632,-2.0818784543410027,-0.4822200384612251,-0.06928020065895124,-0.17966154624340852,-0.020425725191905303,-1.1391576121372309,-0.38631338558497064,-3.5973661773251044,-0.9670626030914157,1.0973001875437087,-0.9006713825124801,-0.2775442563155516,0.4861847915619389,0.7114105794654951,-1.247397783696131
0.35817531515731527,0.3459779643256309,0.3194720922706722,-0.13775910560766752,0.7709737468590375,1.0354620314440173,1.0011225136743258,1.3615314851317137,0.9522894253328134,-0.9048144234844919,-1.603816987959246,-1.4133799172008759,-1.6378662886028117,1.001975901148604,-0.2500749872937334,2.0790032157331777,-2.5726909723510665,-1.5656480316055963,-0.9642000714232447,1.2912738390158789,-1.9493717553224232,3.112910201043841,0.38984610847434215
0.06670423128513825,-0.11314497848883914,0.12538295866539834,0.4183328908293275,0.06444683074862226,0.31586301018682145,-0.17976663083012345,-0.3711346088703418,-0.0316329134930403,-0.024265625326710172,-0.5701636454344734,-0.3273315140403975,-0.5746049286043846,0.4078492018808583,0.12816512052202184,-0.06257536055969215,-0.26575363960027676,-3.007632339693757,1.0800560591393102,0.4217800742508709,-2.0503574572842003,0.8080361894020714,-0.403742088174636
-1.1340434559818995,-0.9711954634237755,-0.7337281688384698,-1.340038581522042,-1.3613711801993635,1.2463409714422387,0.9398552540508821,1.4329652259218912,1.265554046787962,0.2051346364176804,0.48268806176196194,0.3229598259561901,0.5303601085084885,-2.1861184040424675,0.5821477593702121,1.9830204600951251,0.7599522764668014,0.5711794062192087,0.9427885141400756,1.310191908080897,0.7391804947015679,-0.8480655980305086,0.20972075826956693
