age,gender,chest_pain_type,blood_pressure,cholesterol,blood_sugar_high,ecg_results,max_heart_rate,exercise_angina,heart_disease
62,1,0,118,191,1,1,158,0,1
53,1,0,134,290,0,2,143,1,1
65,0,0,154,257,0,2,146,0,0
78,0,1,120,229,0,0,120,1,1
51,1,3,92,199,1,0,190,0,0
51,0,2,142,204,0,1,172,0,0
79,1,1,117,342,0,0,174,0,0
67,1,0,106,240,0,2,142,1,1
48,0,3,118,279,0,2,107,0,0
63,0,1,126,200,0,0,199,1,1
48,0,0,118,201,0,0,148,1,0
48,0,2,86,294,0,0,131,0,0
59,1,0,148,173,1,2,160,0,1
26,0,1,155,219,0,0,179,0,0
29,1,1,143,242,0,0,149,0,0
47,0,3,107,246,0,0,182,0,0
40,1,1,126,231,0,1,177,0,1
60,0,2,130,260,0,0,123,1,0
41,1,3,142,275,0,0,133,1,1
34,0,0,143,277,1,2,174,1,1
77,1,0,115,191,1,2,82,1,1
52,0,1,132,226,1,1,146,0,1
56,1,1,139,300,0,0,114,0,0
34,1,1,159,285,0,0,138,1,0
47,1,3,144,171,0,1,143,0,1
57,1,2,146,258,0,0,141,1,1
38,0,2,132,141,0,2,136,0,0
61,1,1,158,242,0,1,123,0,0
46,0,3,138,335,0,0,207,1,0
51,1,3,113,193,0,2,197,1,1
46,1,3,158,198,0,2,121,0,1
83,0,0,144,278,0,0,190,1,1
55,0,2,121,163,0,1,140,0,0
39,1,0,120,208,0,0,153,0,1
67,1,0,136,270,0,0,148,1,0
37,0,0,139,208,0,0,134,0,1
58,1,2,134,228,1,1,175,0,0
26,0,2,136,277,0,2,153,0,0
35,0,0,164,261,0,1,138,0,0
58,0,1,151,253,0,0,117,0,0
66,1,1,134,223,0,1,128,0,0
58,0,1,149,259,1,0,109,0,1
53,1,0,109,234,0,2,150,1,0
50,1,1,138,263,0,0,120,0,0
33,1,2,166,215,1,0,143,1,1
44,1,0,126,231,0,0,184,0,1
48,0,0,113,191,0,1,180,0,0
71,0,1,117,238,0,0,149,0,0
60,0,3,108,199,0,1,148,0,0
29,1,2,114,184,0,0,197,0,0
60,1,2,123,253,0,0,163,0,0
49,1,1,102,251,1,0,142,0,0
45,0,2,130,279,0,2,114,0,0
64,1,0,148,218,0,2,160,0,1
70,0,2,112,260,0,0,171,0,0
69,1,3,160,268,1,0,134,0,1
42,1,2,140,262,1,0,157,1,0
50,0,3,151,199,0,1,141,0,1
60,1,2,117,247,0,0,145,0,1
70,0,0,147,258,0,2,88,0,1
48,0,3,108,240,0,2,144,1,0
52,1,0,148,136,0,0,174,0,1
38,1,1,133,248,0,0,134,1,0
37,1,0,141,351,0,2,151,0,0
67,0,0,106,222,1,2,131,1,1
75,1,1,112,204,0,0,159,1,1
54,0,0,142,259,1,0,145,1,1
70,0,1,111,256,0,0,127,0,0
60,0,2,139,300,0,0,183,0,0
45,1,0,103,177,0,0,173,0,0
60,0,0,147,277,0,0,135,0,1
78,0,2,105,270,0,1,162,1,1
54,1,1,141,233,0,0,163,0,0
78,1,2,143,257,0,0,166,0,0
20,0,2,116,291,0,0,108,0,0
67,1,3,142,284,0,2,175,0,1
56,0,2,135,183,0,2,136,0,0
51,1,1,119,281,0,0,141,1,0
56,1,2,110,237,0,0,216,0,0
25,0,0,91,244,1,2,158,0,0
52,1,1,137,244,0,0,140,0,0
60,1,2,99,232,0,0,95,0,0
77,1,1,132,300,0,0,185,0,0
47,1,2,125,236,0,0,116,0,0
43,1,3,144,184,1,0,125,1,0
47,1,3,124,220,0,2,142,1,0
69,0,3,123,249,0,1,185,1,1
60,1,1,145,301,0,0,169,0,0
47,0,1,137,270,0,2,146,1,0
63,1,2,136,197,1,0,158,1,1
56,0,1,139,364,0,0,135,1,0
70,1,2,99,253,0,1,153,0,0
44,0,2,145,304,0,1,152,1,1
50,1,2,142,232,0,0,174,1,1
49,1,1,110,267,0,0,174,1,0
33,1,0,125,282,0,1,162,0,0
59,1,1,129,301,0,1,141,1,1
59,1,0,127,293,1,1,169,1,1
55,1,3,137,284,0,0,148,0,0
51,0,1,159,224,0,0,123,0,0
34,1,0,152,211,0,0,140,1,0
49,1,0,104,257,1,0,152,0,0
50,0,2,142,287,0,2,173,0,0
43,0,2,157,229,0,0,145,0,0
53,1,1,138,293,0,0,120,1,0
61,1,0,152,313,0,1,151,0,1
83,1,1,170,194,0,0,153,0,0
58,0,1,150,198,0,0,155,0,1
59,0,2,135,233,0,2,173,1,0
54,1,2,151,255,0,2,175,0,1
26,0,1,133,214,0,1,135,1,0
55,0,0,130,308,1,0,135,1,1
56,1,3,123,261,1,1,124,0,0
90,0,1,161,242,0,1,167,0,1
52,1,2,114,168,0,0,186,0,0
60,1,0,161,174,0,0,142,0,0
54,1,1,140,254,0,2,144,0,0
37,1,0,102,133,1,0,187,1,1
72,1,1,137,291,0,1,163,1,1
66,0,3,88,232,0,0,161,0,0
67,1,1,143,400,0,0,120,0,0
41,1,0,148,355,0,0,167,0,1
76,1,0,118,231,0,2,127,0,1
34,0,1,132,235,0,0,122,0,0
64,1,0,169,290,0,1,141,1,1
88,1,0,120,325,0,1,135,1,1
40,1,2,109,158,0,1,144,0,0
47,1,1,160,151,1,2,114,1,0
56,0,0,169,209,0,1,174,0,0
47,0,3,130,269,1,0,178,1,0
32,1,0,150,265,0,2,101,0,0
56,0,3,157,293,0,1,174,0,0
39,0,1,115,180,0,0,130,1,0
62,0,3,120,124,1,0,171,0,1
41,1,2,155,283,1,2,148,1,1
78,1,3,164,199,0,0,151,0,0
43,1,3,141,139,1,1,145,0,0
50,0,0,112,247,1,0,180,0,0
67,1,3,170,280,0,0,119,0,0
37,1,1,119,234,0,1,165,0,0
58,1,1,123,217,1,0,178,0,0
75,0,1,137,232,1,0,168,0,0
31,1,1,161,221,0,1,208,0,0
58,0,0,147,173,1,0,137,1,1
59,0,2,138,204,0,1,174,0,0
67,1,1,139,266,0,2,147,1,1
36,0,2,131,256,0,1,181,0,1
35,1,3,141,248,0,0,150,0,0
63,0,1,80,190,0,0,140,0,0
59,1,1,124,231,0,1,183,0,0
59,0,0,135,131,1,2,138,0,1
60,0,0,107,249,0,2,115,0,1
45,0,0,138,311,0,2,137,0,1
58,0,1,126,166,0,0,165,0,0
59,1,0,165,211,0,0,185,1,0
44,0,3,161,256,1,0,153,0,0
83,0,2,121,303,0,0,183,0,0
62,1,1,127,218,1,0,116,0,1
37,1,2,129,205,0,2,139,1,1
65,0,0,121,142,0,0,143,0,1
40,0,1,134,245,0,0,147,0,0
67,0,2,115,342,0,0,152,0,0
72,1,1,107,254,0,2,167,0,0
43,0,1,142,239,0,1,139,0,1
69,1,3,143,256,0,1,153,1,0
61,0,3,114,239,0,2,149,0,1
67,1,2,148,199,0,0,127,0,0
83,0,2,117,281,0,1,147,0,0
51,0,2,135,251,0,0,146,0,0
44,1,0,146,241,0,0,146,0,0
42,0,1,129,191,1,2,151,0,1
43,1,0,139,305,0,1,152,0,1
54,0,1,120,273,0,0,139,0,0
60,0,1,126,212,1,0,182,0,1
59,1,0,126,290,0,1,121,1,1
67,0,3,115,215,0,0,132,0,0
55,0,3,126,201,0,0,219,0,0
77,1,2,99,202,0,0,124,0,0
51,1,1,120,151,1,0,116,0,0
90,0,3,124,264,1,2,168,0,0
64,0,0,125,148,1,0,98,0,1
42,0,2,125,179,0,0,144,1,0
39,0,0,129,136,0,1,204,1,1
62,1,2,140,236,0,2,111,0,0
52,0,0,147,232,0,0,100,1,1
66,1,3,117,224,0,0,113,1,0
62,1,3,106,188,0,0,172,0,0
54,1,0,109,181,0,1,178,1,1
42,1,1,120,263,0,1,137,0,1
32,1,3,123,212,1,2,167,0,0
48,1,1,115,256,1,2,185,0,0
68,0,3,104,196,0,1,195,0,1
58,1,2,121,249,0,1,144,0,1
36,1,1,134,305,0,0,92,0,0
58,1,0,142,269,1,0,129,1,0
61,1,0,119,219,0,2,139,1,1
42,1,2,122,253,0,0,144,1,0
57,1,1,111,228,0,0,145,1,1
56,0,1,129,240,0,1,178,1,1
38,0,1,113,224,0,0,182,0,0
60,0,2,141,232,0,1,146,0,0
63,1,3,94,251,0,1,177,0,1
71,1,3,123,190,0,0,159,1,1
71,0,1,136,189,0,2,152,0,1
34,1,3,134,171,0,0,173,1,0
41,1,2,184,160,1,0,152,0,0
63,1,2,137,179,0,1,201,0,0
63,1,3,110,248,1,1,114,1,1
63,1,0,128,195,0,1,137,0,1
90,1,0,94,266,0,0,147,0,1
64,1,3,128,242,0,1,161,0,0
72,1,1,113,142,0,0,182,0,0
69,0,3,148,273,0,2,149,1,1
65,0,3,119,281,0,0,114,0,0
50,0,0,128,190,0,1,171,0,1
66,0,3,117,261,0,0,169,0,1
43,0,1,165,197,1,0,101,1,1
51,1,1,124,245,1,0,150,0,0
48,1,2,167,177,0,2,110,0,0
56,1,3,146,150,1,1,133,1,1
90,0,0,140,221,0,2,127,0,1
27,0,1,137,234,0,0,170,1,0
65,1,2,138,220,1,0,153,0,1
31,0,2,91,181,0,0,118,0,1
48,1,2,124,220,0,2,172,0,1
71,0,0,147,253,0,0,114,1,1
56,1,0,129,238,1,2,158,1,0
39,1,1,102,249,1,2,130,0,1
44,1,3,129,206,0,2,141,0,0
65,1,0,164,299,0,1,163,1,1
44,1,0,155,181,0,1,163,0,0
58,1,3,129,264,0,1,183,1,0
56,0,0,149,299,0,0,148,0,1
45,1,3,123,264,0,1,158,1,0
87,1,2,96,230,0,0,139,0,0
65,0,3,112,214,0,0,155,0,0
25,0,0,161,292,0,0,161,0,0
58,1,0,125,169,0,0,148,1,1
45,1,2,125,191,1,0,105,0,0
68,1,3,124,220,0,0,158,0,0
43,1,2,168,302,0,1,159,0,0
53,0,0,163,259,0,0,133,0,0
63,1,2,174,192,0,1,118,1,1
68,1,2,127,224,0,0,187,1,0
37,0,2,136,209,0,1,162,0,0
50,1,2,100,205,0,1,144,1,0
48,1,3,160,289,0,1,122,1,0
45,1,2,107,171,0,1,129,1,1
81,0,0,134,320,0,0,183,0,1
61,1,1,108,281,1,1,153,1,1
36,0,0,118,295,0,0,136,0,1
69,1,1,113,217,0,0,163,0,0
87,1,1,118,233,0,1,130,1,1
70,0,0,119,168,0,0,188,0,1
32,0,1,119,214,0,1,184,0,0
48,0,0,147,265,0,1,138,1,1
74,0,3,108,305,0,0,134,1,0
44,0,3,134,185,0,0,85,0,0
62,1,0,154,222,0,0,113,1,0
67,1,3,120,232,0,2,117,0,0
41,0,1,116,170,0,1,153,0,1
54,1,0,125,270,0,0,142,1,1
20,0,0,154,204,0,0,116,0,0
40,0,1,134,230,0,1,143,0,0
51,1,2,119,217,0,2,163,0,1
36,1,2,140,201,1,0,163,0,0
79,0,0,108,240,0,0,103,0,1
34,1,0,144,229,1,2,147,1,1
48,0,1,138,221,0,0,115,1,0
57,1,0,124,204,0,0,173,0,1
77,0,0,113,256,0,2,170,1,1
33,1,0,112,323,1,1,128,0,0
72,0,3,141,247,0,0,131,0,0
55,1,3,155,290,0,0,138,1,0
40,1,1,117,170,0,0,94,0,1
62,1,3,139,248,0,0,158,0,0
58,0,1,88,185,0,2,143,0,0
46,0,1,118,166,1,0,174,0,0
56,1,0,129,203,1,1,123,1,0
49,1,2,112,300,0,2,135,0,0
57,1,3,111,288,1,0,112,0,0
65,0,2,117,252,0,0,125,0,1
79,0,1,136,163,0,1,120,0,1
36,1,2,126,230,0,2,175,0,0
87,1,0,85,255,0,2,133,0,1
26,1,3,88,249,1,0,153,1,0
53,1,1,118,148,0,1,140,1,0
64,1,1,139,195,0,1,118,0,1
59,0,2,80,237,0,2,146,0,0
46,1,2,120,267,0,0,165,0,0
52,0,0,119,130,0,1,120,1,0
48,1,2,158,232,1,2,170,1,1
46,1,0,122,247,1,0,129,0,1
68,0,2,138,282,0,0,138,1,0
60,0,3,133,275,0,0,163,0,0
45,0,3,87,269,0,0,133,0,0
68,1,2,145,200,0,0,151,0,0
60,1,1,134,145,0,2,142,0,1
67,0,0,140,220,0,0,153,0,0
64,1,2,200,290,0,0,90,0,0
43,1,0,88,310,0,1,104,0,0
47,1,1,164,276,0,0,165,0,0
66,1,0,124,261,0,0,176,0,1
64,0,0,136,259,0,1,127,0,1
55,1,2,129,212,0,2,144,0,0
57,1,0,122,233,1,1,157,0,1
74,1,2,119,323,0,1,167,0,0
46,1,1,137,193,1,0,99,0,1
63,1,0,100,321,0,2,128,0,1
52,1,1,145,224,0,0,142,0,0
52,1,0,122,306,0,1,168,0,0
71,0,0,107,170,1,0,212,0,1
67,1,2,121,269,0,2,144,1,1
67,1,0,155,203,0,1,115,0,0
75,0,3,119,169,0,1,160,0,0
55,0,0,137,251,0,0,183,0,0
65,1,0,115,290,0,0,153,0,0
50,1,2,145,198,1,1,127,0,1
60,1,1,144,165,0,1,174,0,1
53,0,0,167,235,0,0,167,0,1
56,0,1,126,236,0,2,124,1,1
64,0,0,143,267,0,2,160,0,1
43,1,3,132,287,0,0,175,0,1
86,0,1,156,237,0,2,180,0,1
40,1,2,116,333,0,1,148,1,0
37,1,3,145,251,0,0,141,1,1
72,1,1,126,223,0,0,181,0,1
67,0,3,129,159,1,1,120,1,1
64,1,1,132,227,0,1,161,0,0
64,0,3,135,223,0,0,116,1,0
55,1,0,128,288,0,1,177,1,1
42,1,2,134,263,0,1,144,0,1
56,1,1,162,181,0,1,182,1,0
45,1,1,150,249,0,0,162,0,1
70,0,2,147,274,0,2,119,0,0
53,1,2,121,316,1,0,186,0,0
43,0,0,112,284,0,0,189,1,0
50,0,0,149,278,0,0,172,0,1
61,0,2,148,243,0,0,131,0,0
47,1,2,159,259,0,2,142,1,0
43,1,3,118,302,0,0,154,0,0
59,1,2,125,173,1,1,132,0,1
59,0,3,97,223,0,0,192,0,0
47,0,2,122,201,0,0,154,0,0
48,1,0,150,259,0,2,82,0,0
58,0,0,121,302,0,1,158,0,0
33,1,2,143,210,0,0,141,1,0
34,0,2,126,120,0,1,148,1,0
44,1,0,136,219,0,0,141,0,1
52,0,1,107,286,0,0,170,0,1
60,1,3,132,267,0,1,178,0,0
77,0,1,80,261,1,1,157,0,1
68,0,1,126,226,0,0,142,0,0
53,0,1,97,176,1,2,149,0,0
55,1,0,154,266,0,1,150,1,1
40,1,1,146,198,0,0,130,0,0
55,1,1,139,349,0,1,164,0,0
51,1,0,160,269,0,1,162,1,1
60,1,2,111,211,0,1,189,0,0
43,0,1,165,209,0,0,181,0,0
63,1,3,149,235,0,1,133,0,1
78,1,3,125,228,1,0,171,0,1
53,1,0,153,296,0,2,126,1,0
61,1,2,108,249,0,1,167,0,0
65,0,1,114,203,0,0,137,1,0
49,1,3,118,335,1,1,124,1,1
58,0,0,119,242,0,2,157,1,1
55,1,2,109,278,0,2,83,1,1
56,0,2,154,210,0,0,106,0,1
43,0,0,125,258,0,0,146,0,0
55,1,0,137,256,1,1,152,0,0
62,0,2,119,146,0,0,141,0,0
77,1,2,94,341,0,2,111,1,1
69,0,1,135,305,1,0,130,0,1
87,1,2,92,220,0,0,160,1,1
43,0,1,129,185,0,0,165,1,1
68,0,2,103,257,0,0,150,1,0
58,0,0,170,244,0,1,179,1,1
88,0,3,148,258,0,0,160,0,1
43,1,0,132,250,0,0,131,0,1
42,1,1,155,265,0,0,143,0,1
46,1,0,113,312,0,1,115,0,1
23,1,0,141,268,0,0,147,0,0
47,0,1,134,188,1,1,178,1,0
44,1,0,135,308,0,1,167,1,0
57,0,3,155,322,0,1,185,0,0
60,0,0,145,398,0,2,142,0,1
83,0,1,136,184,0,2,184,0,1
69,1,1,97,252,0,2,145,0,0
46,0,0,111,136,0,0,187,0,0
42,0,0,128,268,0,0,149,0,1
62,1,1,132,213,0,0,168,0,0
35,0,1,107,336,0,2,187,0,0
82,0,1,178,201,0,2,145,0,1
73,1,1,160,156,0,2,155,0,1
48,1,2,142,216,1,0,182,0,0
29,1,0,131,141,0,2,147,0,0
75,1,1,126,278,0,0,117,0,0
53,1,3,111,137,0,0,204,1,0
74,1,1,132,241,1,0,138,0,0
31,1,2,135,136,0,0,154,0,0
46,1,1,105,224,0,1,179,1,0
55,0,2,137,322,0,0,135,0,0
56,1,2,127,258,1,0,125,1,0
48,0,1,92,197,0,1,156,0,1
64,1,3,113,238,0,2,105,0,1
39,1,0,122,241,1,1,143,0,1
53,1,0,168,264,1,0,156,0,1
57,1,2,141,172,1,2,143,0,1
63,1,3,103,270,0,2,111,0,1
66,0,0,140,120,0,0,190,0,0
38,1,0,99,209,0,1,153,0,0
32,0,0,152,216,0,0,186,0,1
74,0,0,121,272,0,0,143,0,1
60,1,2,128,241,0,1,128,0,0
44,1,1,157,170,0,2,157,0,0
78,0,1,104,191,0,0,145,0,0
57,1,1,102,250,0,2,121,1,1
73,1,0,118,236,0,2,187,0,1
56,0,0,151,211,0,2,134,0,0
86,1,2,100,216,0,0,104,0,0
81,0,3,80,275,0,2,183,0,1
51,0,3,121,214,0,0,137,1,1
70,1,0,141,236,0,1,135,0,1
65,1,3,154,348,0,0,106,0,1
76,1,2,121,169,0,0,194,0,0
41,1,2,122,147,1,1,118,1,1
65,1,1,153,279,0,0,151,0,1
71,0,1,93,206,0,0,173,1,1
29,1,1,122,224,1,0,161,1,0
37,1,0,134,201,0,1,149,0,1
24,0,0,139,227,1,0,107,1,0
51,0,0,120,320,1,2,130,0,1
66,0,1,131,280,0,0,155,1,0
78,1,2,80,283,1,0,130,0,0
56,0,1,117,169,0,0,155,0,0
79,1,0,139,182,0,0,167,0,0
34,1,3,110,120,0,0,174,1,0
29,1,3,131,200,0,0,119,0,0
54,0,2,139,288,1,2,205,0,1
61,1,3,123,266,0,1,169,0,0
55,1,1,133,229,0,0,150,0,0
24,1,3,111,239,0,0,177,0,0
54,1,0,126,206,0,2,209,0,0
35,0,1,142,250,0,0,114,0,0
65,0,0,133,278,0,0,144,0,0
60,0,0,118,159,1,1,91,0,1
41,1,0,134,255,0,1,155,0,1
47,1,2,144,287,1,1,159,0,0
39,1,2,89,219,0,0,149,1,0
54,1,2,153,275,0,0,134,0,0
69,1,0,123,381,0,1,99,1,1
40,0,3,139,235,0,0,159,1,0
63,1,2,154,260,0,1,186,0,0
47,1,1,103,203,1,1,135,0,0
43,1,2,116,249,0,0,161,1,0
53,1,0,124,263,1,2,111,0,1
39,1,1,114,250,0,2,161,0,0
47,0,3,165,189,0,1,140,0,0
37,0,0,113,250,0,0,131,0,0
84,0,1,119,313,1,0,131,1,1
56,1,3,134,262,0,0,140,0,0
45,1,2,106,288,1,0,160,0,0
58,1,0,122,228,1,2,117,0,1
53,1,0,136,277,0,0,140,0,0
52,0,0,123,254,0,0,149,0,0
64,1,2,128,192,0,0,123,0,0
66,1,1,119,256,0,1,195,1,1
47,1,0,100,190,0,0,129,0,0
46,1,3,136,208,0,0,133,1,0
51,0,1,165,249,0,0,126,0,0
20,1,0,130,255,0,2,195,0,0
32,1,1,135,181,0,0,164,0,0
76,1,2,144,293,0,2,127,0,1
80,1,0,105,269,0,2,178,0,0
51,0,0,164,205,0,0,155,0,0
64,0,3,134,163,0,1,156,1,0
60,0,1,163,233,1,0,141,1,1
90,0,1,115,218,0,2,131,0,0
72,1,1,166,246,0,1,158,0,0
53,0,0,146,222,0,0,136,0,0
41,1,0,141,140,0,0,195,0,0
31,1,1,135,221,0,0,118,0,0
58,0,0,125,225,1,2,188,0,1
44,1,0,154,272,0,0,147,1,0
34,0,3,133,205,0,1,157,1,1
45,1,3,91,324,0,0,171,0,0
39,0,2,108,144,0,2,134,0,0
80,0,3,126,306,0,0,172,0,0
68,0,0,136,229,0,1,82,1,1
55,0,3,129,283,0,0,132,0,1
77,0,0,154,244,0,1,127,0,1
56,1,3,91,297,0,0,119,1,1
42,1,3,133,221,0,0,145,0,1
78,1,2,94,185,1,0,160,0,0
63,0,3,145,311,0,1,168,0,0
39,1,2,128,234,0,0,156,0,0
52,0,0,138,251,0,1,133,0,1
42,1,1,113,302,0,0,159,0,0
34,1,2,156,188,0,2,153,0,0
69,0,0,151,270,0,2,173,0,1
84,1,2,142,211,0,1,169,1,1
34,1,3,127,233,0,0,151,0,0
63,1,0,142,244,0,0,128,0,0
45,0,2,116,165,0,0,134,0,1
48,0,3,147,201,0,0,136,1,0
46,1,3,163,308,0,1,142,1,0
42,1,3,151,284,0,1,157,0,0
56,1,1,115,237,0,2,168,0,1
43,0,3,137,252,0,0,149,1,0
59,0,2,104,225,0,1,150,0,1
54,1,0,141,308,1,0,154,0,1
51,1,1,139,230,0,1,137,1,1
41,1,2,93,252,0,0,127,0,0
46,0,0,107,297,0,0,106,1,1
66,0,2,124,201,1,0,133,1,0
63,1,2,124,318,0,1,162,0,1
40,1,0,106,163,0,2,132,1,0
56,1,2,138,321,0,0,144,1,0
66,0,2,135,221,0,0,162,0,0
30,1,1,126,228,0,0,163,0,0
63,0,0,115,145,0,1,123,0,1
45,0,0,151,217,1,0,175,0,1
64,1,1,163,188,1,1,178,1,1
44,1,3,120,210,0,2,122,0,0
28,1,0,118,233,0,2,129,0,1
31,0,2,140,288,1,0,180,0,1
56,0,0,123,250,0,2,146,1,1
59,0,1,127,255,0,1,95,0,1
41,1,3,145,185,0,0,115,0,0
65,1,2,92,196,0,1,144,0,0
30,0,0,156,330,0,2,121,0,0
54,0,1,131,203,0,0,140,0,0
37,1,0,122,323,0,0,151,0,0
45,0,1,128,228,0,0,187,0,0
56,0,2,129,240,0,1,143,0,1
42,1,0,95,294,0,0,177,1,0
49,0,0,160,304,1,2,186,0,1
70,0,1,131,234,0,1,186,0,1
46,0,3,139,221,0,1,157,0,0
68,1,3,149,237,1,0,101,0,0
38,1,0,110,257,1,1,162,0,1
63,0,2,139,285,0,0,176,0,0
77,1,1,125,240,0,0,148,0,1
20,1,1,147,271,0,1,194,0,0
43,1,2,87,322,1,0,171,0,1
64,1,3,128,259,1,1,164,1,1
52,0,3,118,256,1,0,177,0,0
61,0,2,139,164,0,0,158,0,0
46,1,1,139,120,0,0,88,0,0
56,1,2,116,259,0,2,138,0,0
53,1,0,116,235,0,1,180,0,0
73,0,2,128,214,0,1,130,0,0
59,0,1,112,252,0,0,144,0,0
60,1,2,147,237,0,0,124,0,1
49,0,0,123,296,0,2,195,0,0
48,0,0,80,244,0,0,192,1,0
49,0,3,123,203,0,0,128,0,0
61,0,0,109,290,0,1,154,0,1
49,1,1,97,229,0,0,133,1,1
59,0,0,105,266,0,2,165,0,1
86,1,0,132,216,0,1,163,0,1
68,0,0,157,208,1,0,170,0,1
50,0,0,136,244,0,0,158,0,1
73,0,3,118,241,0,0,220,0,0
49,0,0,139,264,0,2,124,1,1
24,1,3,121,227,0,1,107,0,0
40,1,2,116,148,1,0,140,0,0
27,0,1,107,218,0,0,111,1,0
50,0,2,95,280,1,1,113,1,1
55,1,1,122,225,0,1,125,0,0
80,1,2,133,228,1,0,127,0,1
60,1,0,128,289,0,0,126,0,0
52,0,1,122,204,1,0,163,0,1
67,0,3,111,163,0,1,137,0,0
22,1,3,142,232,0,2,146,0,0
59,1,3,104,216,0,0,172,1,0
67,0,1,146,192,1,1,131,0,0
33,0,2,110,231,0,0,143,0,0
72,1,1,115,265,0,0,159,0,0
60,1,1,101,240,1,0,101,0,1
49,1,0,120,255,0,2,90,0,1
64,1,2,150,331,0,0,159,0,0
89,1,0,140,223,0,1,162,1,1
58,0,1,150,254,0,0,202,0,0
59,0,3,140,215,1,0,154,0,1
48,0,0,108,198,0,0,170,0,0
42,0,0,123,211,0,1,145,0,1
67,1,0,114,216,1,0,157,0,1
42,1,3,157,258,0,1,192,1,1
56,1,1,106,357,0,0,97,1,0
48,1,1,148,204,0,0,160,0,0
62,0,3,148,219,0,0,203,0,1
60,0,3,167,237,0,0,157,1,1
71,1,1,122,260,1,0,191,0,1
47,1,2,144,253,0,0,134,0,0
51,0,2,176,304,0,1,149,0,0
40,1,2,118,120,0,1,151,1,0
48,1,0,99,121,0,0,95,0,0
61,0,3,92,215,1,0,121,1,1
66,0,1,144,295,1,0,123,1,1
41,1,0,92,162,0,0,171,0,0
68,1,1,123,120,0,0,172,1,0
75,0,0,139,269,0,2,158,1,1
61,1,0,134,252,0,0,171,0,0
83,1,2,139,185,0,0,146,0,0
43,0,0,134,191,0,0,180,0,0
36,1,1,156,192,0,0,150,0,0
28,0,1,111,246,0,1,151,0,0
77,1,0,116,209,0,0,143,0,1
65,0,3,115,265,0,0,167,0,0
54,1,0,147,120,0,1,139,1,1
59,1,1,148,197,0,0,174,0,1
38,1,1,139,184,0,1,122,0,0
90,1,0,154,227,1,1,123,0,1
57,0,0,106,213,0,0,167,0,0
57,0,2,163,280,0,1,148,0,1
66,1,3,160,147,0,0,139,0,0
62,1,0,145,242,1,1,172,0,1
58,0,2,166,268,1,0,135,1,1
43,0,2,97,333,0,0,145,1,0
62,1,3,120,216,0,1,185,0,0
83,1,1,115,256,1,2,188,1,1
75,1,1,144,150,0,2,189,1,1
79,0,1,109,120,0,1,143,0,0
47,1,2,145,282,0,0,181,1,0
40,0,3,157,240,0,0,126,1,0
53,1,0,144,299,0,0,127,0,0
56,0,1,136,171,0,0,91,0,1
71,1,3,110,266,0,0,192,0,0
30,1,3,113,333,1,2,128,0,1
78,1,3,155,261,0,0,147,1,1
53,0,2,146,254,1,0,127,0,0
49,1,1,129,240,0,0,167,1,1
40,1,2,122,161,0,2,141,1,0
30,1,2,89,308,0,1,117,0,0
67,1,0,109,209,1,1,161,0,1
56,0,1,168,265,0,0,114,0,0
36,0,2,104,162,0,2,129,0,0
36,0,0,134,181,1,0,97,0,0
50,1,2,150,312,0,2,114,0,0
80,0,2,105,223,1,1,154,0,0
51,1,3,134,313,0,0,101,1,0
32,1,0,149,236,1,0,113,0,1
51,1,0,130,148,0,1,150,0,1
51,1,2,187,285,0,0,136,0,1
20,0,0,97,211,0,2,200,1,0
54,0,2,151,275,0,0,196,0,0
52,0,2,127,241,0,0,128,0,0
65,1,0,145,163,0,0,164,1,1
83,1,1,139,248,0,0,169,0,1
72,1,1,115,350,0,0,135,0,0
51,1,1,135,265,0,0,113,0,0
38,1,3,93,237,0,1,150,1,1
90,1,3,142,294,1,0,146,0,1
56,1,2,136,251,0,2,139,0,0
55,1,2,143,250,0,1,161,0,0
55,0,1,151,185,0,2,131,1,0
58,0,3,137,252,0,0,121,0,1
53,0,2,133,292,0,0,153,0,1
46,0,2,112,198,0,0,160,1,0
47,1,3,116,311,0,1,121,0,0
55,0,0,154,235,1,2,173,1,1
47,0,3,159,196,0,0,106,1,0
44,1,0,125,290,0,0,136,1,1
57,1,1,131,226,0,2,144,0,0
51,0,1,112,278,0,0,134,0,1
78,1,3,153,225,0,1,136,1,0
20,1,3,143,237,0,1,197,1,1
71,1,2,169,265,0,2,129,0,1
74,1,2,112,255,0,0,211,1,0
24,1,2,122,140,0,0,161,0,0
50,1,3,135,184,0,1,152,0,0
49,1,1,143,286,1,2,162,0,0
34,1,1,126,233,0,0,213,1,0
43,0,0,113,214,1,0,125,0,0
38,1,2,148,172,1,1,122,0,0
81,1,2,144,186,0,2,131,1,1
69,1,1,112,139,0,2,151,0,1
74,0,0,157,235,0,2,107,0,1
66,1,3,153,210,1,0,151,0,1
38,1,0,133,192,0,0,192,0,0
47,0,2,132,237,0,1,154,0,0
62,0,3,141,258,0,2,143,1,1
37,1,1,113,345,1,0,135,0,0
66,0,0,131,164,0,0,172,1,1
51,1,2,87,298,1,1,129,0,1
49,1,3,148,289,0,0,196,0,0
66,1,1,99,201,0,0,198,0,0
62,1,3,160,250,0,1,156,0,1
50,0,0,123,217,0,1,150,0,0
72,1,1,126,249,0,1,176,0,1
39,1,2,117,315,0,0,177,0,0
64,0,3,124,270,1,1,130,0,0
64,0,0,158,265,0,1,137,0,1
50,1,3,80,218,1,1,117,0,1
60,0,2,156,166,0,1,160,1,1
36,1,1,137,230,1,0,167,0,1
69,0,0,106,300,0,0,116,0,0
52,0,3,108,164,1,0,139,1,1
47,0,0,164,187,1,0,116,1,1
71,1,1,111,246,0,1,128,0,1
44,1,0,107,191,0,2,164,0,0
34,1,3,153,200,0,1,132,0,0
32,1,2,137,219,0,1,142,0,0
64,1,2,111,172,1,0,109,1,0
36,0,0,134,191,0,0,155,1,0
81,1,2,109,275,0,0,149,0,0
24,1,2,152,175,0,0,132,1,0
80,0,3,151,160,1,0,145,0,1
58,1,3,141,208,1,1,155,0,1
54,0,0,137,277,0,2,130,1,1
47,1,2,165,230,0,0,113,0,0
61,1,0,130,217,0,0,195,1,1
54,1,1,106,242,0,1,134,1,1
72,1,0,139,153,0,0,148,0,0
57,0,1,172,265,0,2,175,0,1
57,1,1,110,259,0,1,220,0,0
50,1,2,123,220,0,2,119,0,1
54,1,1,138,290,0,0,161,0,0
60,1,2,129,184,0,1,132,0,0
29,0,1,110,296,0,0,137,1,0
35,1,0,152,248,0,1,132,0,1
66,0,2,176,223,0,0,122,0,0
58,0,0,134,239,0,0,149,0,0
52,1,1,112,235,0,1,113,1,0
55,0,2,99,301,0,1,174,0,1
60,1,1,135,186,1,2,151,0,0
47,1,0,152,202,0,1,161,1,0
43,1,1,140,292,0,1,138,0,1
58,0,3,130,210,0,0,141,0,1
40,0,2,118,285,0,1,157,1,1
61,1,2,108,325,0,1,121,0,1
29,0,2,147,220,0,2,141,1,1
70,1,0,148,274,0,2,129,0,1
62,1,1,99,182,0,0,128,0,0
59,1,2,162,278,0,2,97,1,1
70,0,0,141,250,0,0,183,0,0
80,0,0,158,264,0,0,133,1,0
70,1,0,103,208,0,1,179,1,1
27,1,1,103,157,0,0,177,1,0
36,1,3,127,265,1,1,118,1,1
46,1,0,140,137,0,0,123,0,0
55,1,1,166,224,0,0,214,1,0
63,0,0,144,287,1,1,194,0,1
44,1,3,125,250,0,1,149,0,0
58,1,0,109,337,0,2,156,1,1
44,1,1,155,291,0,1,134,0,0
46,0,2,111,207,1,1,161,0,1
34,0,2,163,241,1,0,132,0,0
41,1,1,124,238,0,0,99,0,0
35,0,1,162,161,0,0,117,1,0
40,1,1,144,193,0,1,151,0,1
71,1,0,127,212,0,1,122,0,1
41,1,0,120,138,0,0,148,1,0
90,1,1,123,242,0,1,123,0,1
62,1,0,139,228,0,1,130,0,0
58,0,0,132,156,0,0,171,0,0
42,0,2,118,260,0,0,156,0,0
66,0,3,127,276,0,2,150,0,0
46,1,2,132,251,0,1,172,1,0
57,1,0,87,224,1,2,162,0,0
90,0,0,139,270,0,0,186,1,1
54,1,3,110,274,0,2,139,1,0
72,1,0,107,255,0,0,139,0,1
44,1,0,96,199,0,0,117,0,0
54,0,2,94,254,1,2,139,0,0
82,1,2,103,300,0,0,174,0,1
46,1,2,116,210,0,1,182,1,0
82,0,0,169,345,0,0,174,0,1
66,1,0,119,214,0,1,105,0,1
47,1,3,134,242,1,2,177,0,0
64,1,0,138,206,0,0,104,0,0
70,1,2,133,251,0,1,172,0,0
64,0,2,128,153,0,0,141,0,0
31,1,2,106,213,0,1,168,0,0
44,1,1,159,185,1,0,117,0,1
51,0,0,166,247,0,0,179,0,0
54,0,2,96,290,1,0,113,1,1
64,0,3,110,272,0,0,133,0,0
58,1,3,124,121,0,2,125,0,0
35,1,0,111,342,0,0,106,0,1
61,0,0,140,255,0,0,152,0,0
64,0,3,115,201,0,0,195,1,0
63,1,2,173,248,0,0,217,0,0
71,1,3,154,249,0,1,152,0,1
68,1,0,134,207,0,2,178,1,1
62,0,2,151,250,0,0,156,1,0
54,1,2,152,210,0,2,162,0,0
30,1,2,119,220,0,1,141,0,0
61,1,1,114,206,0,0,155,1,0
58,0,0,132,168,0,1,163,0,0
59,0,2,147,247,1,1,136,1,1
36,1,0,133,269,0,1,148,1,1
39,0,1,98,266,1,2,149,1,1
71,0,3,114,281,0,0,171,0,0
54,1,1,129,256,0,2,123,1,0
65,1,3,128,213,0,1,149,0,1
55,1,0,169,282,0,0,198,1,0
55,0,2,102,172,0,1,179,0,0
69,1,3,140,195,0,0,184,0,1
47,0,0,160,192,0,2,151,0,0
56,0,0,175,294,0,1,158,0,1
48,1,1,122,287,0,0,175,0,0
48,0,0,140,264,1,0,189,1,1
50,1,2,141,294,0,1,101,0,0
58,1,3,134,196,0,0,117,1,0
48,0,1,128,257,0,0,183,0,0
74,0,0,139,234,0,0,143,0,1
42,1,1,80,282,0,0,133,0,0
52,0,2,144,234,0,0,119,0,0
48,0,0,133,221,1,0,136,1,1
77,1,2,126,267,0,0,115,0,1
58,0,2,171,284,0,1,202,0,0
70,1,2,117,207,1,1,149,0,1
33,1,0,122,237,1,0,149,1,0
59,1,2,170,187,0,0,165,0,0
68,0,0,113,120,1,1,174,0,1
56,0,0,119,250,0,0,174,0,0
71,1,3,127,270,1,0,177,0,0
47,1,2,147,253,0,0,134,0,0
76,0,0,134,143,0,2,143,1,0
89,1,0,104,222,0,1,169,0,1
50,0,0,119,129,0,1,137,0,1
48,0,0,118,308,0,1,150,0,1
77,1,0,128,186,0,1,160,0,1
79,0,0,139,303,0,0,170,0,0
47,1,1,138,287,0,1,106,1,0
49,0,2,94,195,0,0,168,1,0
51,0,2,151,183,0,1,144,1,1
35,0,2,135,258,0,1,168,1,1
41,1,0,158,198,0,1,169,0,0
40,0,3,139,245,1,0,190,0,0
43,1,3,152,216,0,0,184,0,0
54,1,3,139,151,0,1,184,0,0
59,1,3,157,128,0,1,186,0,1
78,1,3,140,251,0,2,157,0,1
40,1,1,128,212,0,0,151,0,0
70,0,0,175,212,0,1,172,1,1
52,0,2,148,275,1,1,168,1,1
54,1,2,141,299,0,2,142,1,1
65,0,2,104,226,0,1,160,0,0
38,1,1,104,223,0,1,149,0,0
61,0,0,136,265,1,1,129,0,1
57,0,1,133,172,0,1,182,0,0
62,1,3,118,251,0,2,151,0,1
59,0,2,133,268,0,0,201,0,0
90,1,1,162,274,0,0,109,0,1
45,1,0,144,143,0,2,136,0,1
47,0,1,107,202,0,1,151,0,0
46,1,3,128,196,1,1,178,0,1
47,1,2,114,245,0,0,160,0,0
45,1,2,122,264,0,0,158,0,0
73,0,1,122,315,0,1,122,0,1
76,1,2,120,215,0,1,121,0,1
46,1,0,105,215,0,0,158,0,0
43,0,2,127,297,0,0,116,1,0
62,0,1,119,255,0,2,137,1,0
47,1,1,80,303,0,0,163,0,0
64,1,2,171,254,0,2,125,0,1
58,1,3,152,182,0,0,190,0,0
32,1,0,122,173,1,1,181,0,0
78,1,3,130,162,0,2,111,0,0
82,0,0,107,273,0,1,127,0,0
46,0,1,164,299,0,0,93,0,1
49,0,0,168,332,0,1,130,0,1
59,1,1,133,282,1,0,169,1,0
60,0,1,150,298,0,0,140,0,0
65,1,0,134,211,0,2,162,1,1
85,0,1,103,182,0,1,112,0,0
52,0,3,122,283,0,1,170,0,1
43,1,0,133,261,0,0,136,1,0
34,0,2,121,245,0,0,150,1,0
44,1,1,126,259,1,0,148,0,0
55,0,2,128,256,1,1,118,0,0
82,1,0,128,304,0,1,121,0,1
47,1,0,131,305,0,1,174,0,1
58,0,0,109,267,1,2,160,1,1
55,1,0,116,282,0,0,176,1,0
73,0,0,104,266,0,0,158,0,0
90,1,2,150,217,0,0,154,0,0
47,0,3,88,278,1,0,107,0,0
48,0,3,153,170,1,0,143,0,0
71,1,2,158,293,0,2,149,1,1
65,1,0,124,180,0,0,199,1,0
83,1,0,80,254,0,2,167,0,0
64,1,1,123,198,0,0,188,0,0
50,1,0,129,268,0,2,165,0,1
64,0,1,110,238,0,1,132,0,0
72,0,1,120,160,0,2,153,1,0
67,0,1,161,261,1,0,156,0,1
63,0,1,143,211,0,1,127,0,1
71,0,3,112,284,0,2,140,0,1
73,0,2,98,240,0,0,145,1,0
76,1,1,123,260,0,0,190,0,0
65,0,3,126,192,0,0,98,1,0
52,0,3,140,211,1,2,180,1,1
57,1,1,119,217,1,1,127,1,1
73,1,1,140,283,0,1,116,0,0
43,1,1,169,324,0,0,179,0,0
61,1,3,146,200,1,0,168,0,0
49,0,3,129,294,0,2,181,0,0
55,1,0,126,132,0,0,170,0,0
74,1,1,123,180,0,1,201,0,0
58,0,2,154,192,1,2,164,0,1
56,1,1,117,172,0,0,146,1,0
35,1,0,131,161,0,1,159,0,0
66,1,3,131,261,1,0,181,0,0
65,0,2,120,229,0,1,131,1,1
87,0,3,103,259,0,0,134,1,0
50,1,3,136,275,0,1,142,1,1
58,0,2,129,253,1,0,97,1,1
59,1,1,140,273,0,0,153,1,0
79,0,2,119,237,1,1,103,0,1
54,0,0,154,181,0,0,151,0,0
59,0,2,112,293,0,1,172,0,0
64,1,0,164,211,1,0,138,0,0
58,0,2,95,193,0,1,192,0,0
48,0,0,139,231,0,0,113,0,0
58,1,0,140,194,0,1,180,0,0
71,0,0,114,219,0,0,167,0,0
40,1,0,138,257,0,0,107,0,1
57,0,2,156,257,0,0,218,1,0
44,1,2,86,195,0,1,148,0,0
73,0,1,140,216,1,0,128,1,0
32,1,0,80,294,0,2,115,0,1
47,1,0,111,265,1,2,144,1,1
61,1,0,163,344,0,0,147,1,1
78,1,0,118,299,0,1,153,0,0
54,1,3,107,297,0,0,143,0,0
47,1,0,126,171,0,0,166,0,0
83,1,1,171,278,0,1,140,1,1
33,1,0,93,237,0,1,102,1,1
22,1,0,109,212,1,1,146,1,0
62,0,1,160,248,1,0,91,0,1
47,1,2,167,287,0,0,159,0,0
40,0,0,128,265,1,0,126,1,0
66,0,0,105,196,0,1,154,0,0
59,0,1,172,277,0,1,183,0,0
47,1,0,162,208,1,1,126,0,1
36,0,0,144,251,0,0,177,1,0
68,1,3,114,225,0,0,139,0,0
65,1,2,129,229,0,0,194,0,1
54,1,2,127,278,0,0,141,0,0
83,0,1,137,188,0,0,129,1,0
39,1,1,159,337,0,2,167,0,1
32,1,1,148,149,1,2,139,0,1
45,0,2,108,210,0,1,129,0,0
54,0,2,158,259,0,0,138,1,0
59,1,0,136,269,0,0,149,1,0
51,1,1,144,235,0,2,184,1,0
60,0,1,159,237,0,0,102,0,0
36,1,3,108,261,0,2,151,1,0
77,1,2,129,228,1,0,166,0,0
54,1,1,119,310,1,0,155,0,0
72,0,0,99,282,1,2,183,0,1
60,0,2,137,284,1,0,148,0,0
62,0,0,180,192,0,1,145,1,1
64,0,1,93,236,1,1,165,0,1
62,1,0,129,225,0,0,152,0,0
65,1,2,143,190,0,0,140,0,0
75,1,0,132,258,0,1,163,0,1
58,1,1,128,213,0,1,134,0,0
66,1,3,104,273,0,0,135,0,1
54,0,0,135,186,1,2,137,0,1
77,0,1,115,326,0,0,184,0,0
45,0,1,86,195,0,0,70,0,1
82,1,0,154,251,0,0,160,1,1
54,0,2,149,280,0,0,151,0,0
34,0,0,131,211,0,0,108,1,0
57,1,1,135,283,0,2,158,1,0
45,0,2,151,179,0,0,162,1,0
68,1,2,134,313,0,0,165,0,0
45,1,2,148,241,0,0,84,0,0
48,1,0,124,210,0,1,184,1,1
27,1,0,156,225,0,2,132,0,1
48,1,2,136,280,0,0,167,0,0
20,0,1,134,211,0,0,169,0,0
31,0,3,105,203,0,0,128,0,0
66,0,3,136,229,0,0,167,1,0
67,0,3,113,181,0,0,140,0,0
61,1,1,117,331,0,0,98,0,1
40,0,1,114,212,0,0,179,0,0
54,1,2,109,282,0,1,131,0,0
55,1,1,172,250,0,0,129,0,1
38,1,0,157,191,1,2,140,0,1
78,1,3,168,240,1,2,157,1,1
68,1,3,106,279,0,1,149,0,0
52,1,1,131,231,0,0,164,1,0
55,1,0,104,300,0,0,117,0,0
58,0,1,116,291,1,0,131,0,1
24,1,3,112,286,1,1,147,0,0
51,1,3,155,217,0,0,197,0,0
45,1,0,122,186,1,2,147,1,1
40,0,0,151,209,0,2,177,1,1
51,1,3,142,250,0,0,151,0,1
82,1,1,176,267,0,1,138,0,1
65,1,1,100,131,0,0,144,1,1
46,1,3,155,240,1,0,146,0,0
64,1,0,153,248,0,0,165,0,1
